tanggal,jumlah_pasien,is_weekend,is_imlek,is_idulfitri,is_idulfitri_sec,is_iduladha,is_waisak,is_natal,is_nyepi,is_libur_nasional,lag_1,lag_7,lag_14,lag_21,lag_30
2023-01-31,70,0,0,0,0,0,0,0,0,0,69,91,94,93,13
2023-02-01,77,0,0,0,0,0,0,0,0,0,70,69,89,98,37
2023-02-02,69,0,0,0,0,0,0,0,0,0,77,68,79,91,62
2023-02-03,78,0,0,0,0,0,0,0,0,0,69,71,84,82,74
2023-02-04,79,1,0,0,0,0,0,0,0,0,78,57,80,77,86
2023-02-05,93,1,0,0,0,0,0,0,0,0,79,58,87,73,90
2023-02-06,113,0,0,0,0,0,0,0,0,0,93,69,88,93,85
2023-02-07,105,0,0,0,0,0,0,0,0,0,113,70,91,94,78
2023-02-08,91,0,0,0,0,0,0,0,0,0,105,77,69,89,103
2023-02-09,86,0,0,0,0,0,0,0,0,0,91,69,68,79,93
2023-02-10,91,0,0,0,0,0,0,0,0,0,86,78,71,84,98
2023-02-11,74,1,0,0,0,0,0,0,0,0,91,79,57,80,91
2023-02-12,62,1,0,0,0,0,0,0,0,0,74,93,58,87,82
2023-02-13,78,0,0,0,0,0,0,0,0,0,62,113,69,88,77
2023-02-14,73,0,0,0,0,0,0,0,0,0,78,105,70,91,73
2023-02-15,71,0,0,0,0,0,0,0,0,0,73,91,77,69,93
2023-02-16,64,0,0,0,0,0,0,0,0,0,71,86,69,68,94
2023-02-17,74,0,0,0,0,0,0,0,0,0,64,91,78,71,89
2023-02-18,60,1,0,0,0,0,0,0,0,1,74,74,79,57,79
2023-02-19,71,1,0,0,0,0,0,0,0,0,60,62,93,58,84
2023-02-20,84,0,0,0,0,0,0,0,0,0,71,78,113,69,80
2023-02-21,83,0,0,0,0,0,0,0,0,0,84,73,105,70,87
2023-02-22,92,0,0,0,0,0,0,0,0,0,83,71,91,77,88
2023-02-23,84,0,0,0,0,0,0,0,0,0,92,64,86,69,91
2023-02-24,78,0,0,0,0,0,0,0,0,0,84,74,91,78,69
2023-02-25,72,1,0,0,0,0,0,0,0,0,78,60,74,79,68
2023-02-26,55,1,0,0,0,0,0,0,0,0,72,71,62,93,71
2023-02-27,62,0,0,0,0,0,0,0,0,0,55,84,78,113,57
2023-02-28,60,0,0,0,0,0,0,0,0,0,62,83,73,105,58
2023-03-01,74,0,0,0,0,0,0,0,0,0,60,92,71,91,69
2023-03-02,65,0,0,0,0,0,0,0,0,0,74,84,64,86,70
2023-03-03,75,0,0,0,0,0,0,0,0,0,65,78,74,91,77
2023-03-04,79,1,0,0,0,0,0,0,0,0,75,72,60,74,69
2023-03-05,69,1,0,0,0,0,0,0,0,0,79,55,71,62,78
2023-03-06,92,0,0,0,0,0,0,0,0,0,69,62,84,78,79
2023-03-07,87,0,0,0,0,0,0,0,0,0,92,60,83,73,93
2023-03-08,81,0,0,0,0,0,0,0,0,0,87,74,92,71,113
2023-03-09,74,0,0,0,0,0,0,0,0,0,81,65,84,64,105
2023-03-10,69,0,0,0,0,0,0,0,0,0,74,75,78,74,91
2023-03-11,67,1,0,0,0,0,0,0,0,0,69,79,72,60,86
2023-03-12,57,1,0,0,0,0,0,0,0,0,67,69,55,71,91
2023-03-13,70,0,0,0,0,0,0,0,0,0,57,92,62,84,74
2023-03-14,64,0,0,0,0,0,0,0,0,0,70,87,60,83,62
2023-03-15,68,0,0,0,0,0,0,0,1,0,64,81,74,92,78
2023-03-16,62,0,0,0,0,0,0,0,1,0,68,74,65,84,73
2023-03-17,66,0,0,0,0,0,0,0,1,0,62,69,75,78,71
2023-03-18,55,1,0,0,0,0,0,0,1,0,66,67,79,72,64
2023-03-19,41,1,0,0,0,0,0,0,1,0,55,57,69,55,74
2023-03-20,62,0,0,0,0,0,0,0,1,0,41,70,92,62,60
2023-03-21,68,0,0,0,0,0,0,0,1,0,62,64,87,60,71
2023-03-22,61,0,0,0,0,0,0,0,1,1,68,68,81,74,84
2023-03-23,48,0,0,0,0,0,0,0,1,0,61,62,74,65,83
2023-03-24,53,0,0,0,0,0,0,0,1,0,48,66,69,75,92
2023-03-25,56,1,0,0,0,0,0,0,1,0,53,55,67,79,84
2023-03-26,59,1,0,0,0,0,0,0,1,0,56,41,57,69,78
2023-03-27,66,0,0,0,0,0,0,0,1,0,59,62,70,92,72
2023-03-28,64,0,0,0,0,0,0,0,1,0,66,68,64,87,55
2023-03-29,67,0,0,0,0,0,0,0,1,0,64,61,68,81,62
2023-03-30,64,0,0,0,0,0,0,0,0,0,67,48,62,74,60
2023-03-31,65,0,0,0,0,0,0,0,0,0,64,53,66,69,74
2023-04-01,62,1,0,0,0,0,0,0,0,0,65,56,55,67,65
2023-04-02,53,1,0,0,0,0,0,0,0,0,62,59,41,57,75
2023-04-03,67,0,0,0,0,0,0,0,0,0,53,66,62,70,79
2023-04-04,69,0,0,0,0,0,0,0,0,0,67,64,68,64,69
2023-04-05,62,0,0,0,0,0,0,0,0,0,69,67,61,68,92
2023-04-06,62,0,0,0,0,0,0,0,0,0,62,64,48,62,87
2023-04-07,56,0,0,0,0,0,0,0,0,1,62,65,53,66,81
2023-04-08,60,1,0,0,0,0,0,0,0,0,56,62,56,55,74
2023-04-09,55,1,0,0,0,0,0,0,0,0,60,53,59,41,69
2023-04-10,72,0,0,0,0,0,0,0,0,0,55,67,66,62,67
2023-04-11,69,0,0,0,0,0,0,0,0,0,72,69,64,68,57
2023-04-12,61,0,0,0,0,0,0,0,0,0,69,62,67,61,70
2023-04-13,60,0,0,0,0,0,0,0,0,0,61,62,64,48,64
2023-04-14,60,0,0,0,0,0,0,0,0,0,60,56,65,53,68
2023-04-15,62,1,0,1,0,0,0,0,0,0,60,60,62,56,62
2023-04-16,55,1,0,1,1,0,0,0,0,0,62,55,53,59,66
2023-04-17,57,0,0,1,1,0,0,0,0,0,55,72,67,66,55
2023-04-18,48,0,0,1,1,0,0,0,0,0,57,69,69,64,41
2023-04-19,44,0,0,1,1,0,0,0,0,0,48,61,62,67,62
2023-04-20,46,0,0,1,1,0,0,0,0,0,44,60,62,64,68
2023-04-21,35,0,0,1,1,0,0,0,0,0,46,60,56,65,61
2023-04-22,30,1,0,1,1,0,0,0,0,1,35,62,60,62,48
2023-04-23,33,1,0,1,1,0,0,0,0,1,30,55,55,53,53
2023-04-24,41,0,0,1,1,0,0,0,0,0,33,57,72,67,56
2023-04-25,49,0,0,1,1,0,0,0,0,0,41,48,69,69,59
2023-04-26,62,0,0,1,1,0,0,0,0,0,49,44,61,62,66
2023-04-27,76,0,0,1,1,0,0,0,0,0,62,46,60,62,64
2023-04-28,81,0,0,1,1,0,0,0,0,0,76,35,60,56,67
2023-04-29,73,1,0,1,1,0,0,0,0,0,81,30,62,60,64
2023-04-30,63,1,0,0,1,0,0,0,0,0,73,33,55,55,65
2023-05-01,76,0,0,0,0,0,0,0,0,1,63,41,57,72,62
2023-05-02,69,0,0,0,0,0,0,0,0,0,76,49,48,69,53
2023-05-03,88,0,0,0,0,0,0,0,0,0,69,62,44,61,67
2023-05-04,87,0,0,0,0,0,0,0,0,0,88,76,46,60,69
2023-05-05,72,0,0,0,0,0,0,0,0,0,87,81,35,60,62
2023-05-06,71,1,0,0,0,0,0,0,0,0,72,73,30,62,62
2023-05-07,54,1,0,0,0,0,0,0,0,0,71,63,33,55,56
2023-05-08,72,0,0,0,0,0,0,0,0,0,54,76,41,57,60
2023-05-09,76,0,0,0,0,0,0,0,0,0,72,69,49,48,55
2023-05-10,82,0,0,0,0,0,0,0,0,0,76,88,62,44,72
2023-05-11,78,0,0,0,0,0,0,0,0,0,82,87,76,46,69
2023-05-12,81,0,0,0,0,0,0,0,0,0,78,72,81,35,61
2023-05-13,75,1,0,0,0,0,0,0,0,0,81,71,73,30,60
2023-05-14,80,1,0,0,0,0,0,0,0,0,75,54,63,33,60
2023-05-15,93,0,0,0,0,0,0,0,0,0,80,72,76,41,62
2023-05-16,100,0,0,0,0,0,0,0,0,0,93,76,69,49,55
2023-05-17,90,0,0,0,0,0,0,0,0,0,100,82,88,62,57
2023-05-18,66,0,0,0,0,0,0,0,0,1,90,78,87,76,48
2023-05-19,75,0,0,0,0,0,0,0,0,0,66,81,72,81,44
2023-05-20,53,1,0,0,0,0,0,0,0,0,75,75,71,73,46
2023-05-21,53,1,0,0,0,0,0,0,0,0,53,80,54,63,35
2023-05-22,66,0,0,0,0,0,0,0,0,0,53,93,72,76,30
2023-05-23,84,0,0,0,0,0,0,0,0,0,66,100,76,69,33
2023-05-24,94,0,0,0,0,0,0,0,0,0,84,90,82,88,41
2023-05-25,84,0,0,0,0,0,0,0,0,0,94,66,78,87,49
2023-05-26,87,0,0,0,0,0,0,0,0,0,84,75,81,72,62
2023-05-27,70,1,0,0,0,0,0,0,0,0,87,53,75,71,76
2023-05-28,67,1,0,0,0,0,1,0,0,0,70,53,80,54,81
2023-05-29,88,0,0,0,0,0,1,0,0,0,67,66,93,72,73
2023-05-30,94,0,0,0,0,0,1,0,0,0,88,84,100,76,63
2023-05-31,76,0,0,0,0,0,1,0,0,0,94,94,90,82,76
2023-06-01,70,0,0,0,0,0,1,0,0,1,76,84,66,78,69
2023-06-02,75,0,0,0,0,0,1,0,0,0,70,87,75,81,88
2023-06-03,72,1,0,0,0,0,1,0,0,0,75,70,53,75,87
2023-06-04,65,1,0,0,0,0,1,0,0,1,72,67,53,80,72
2023-06-05,85,0,0,0,0,0,1,0,0,0,65,88,66,93,71
2023-06-06,85,0,0,0,0,0,1,0,0,0,85,94,84,100,54
2023-06-07,93,0,0,0,0,0,1,0,0,0,85,76,94,90,72
2023-06-08,90,0,0,0,0,0,1,0,0,0,93,70,84,66,76
2023-06-09,84,0,0,0,0,0,1,0,0,0,90,75,87,75,82
2023-06-10,82,1,0,0,0,0,1,0,0,0,84,72,70,53,78
2023-06-11,82,1,0,0,0,0,1,0,0,0,82,65,67,53,81
2023-06-12,99,0,0,0,0,0,0,0,0,0,82,85,88,66,75
2023-06-13,100,0,0,0,0,0,0,0,0,0,99,85,94,84,80
2023-06-14,93,0,0,0,0,0,0,0,0,0,100,93,76,94,93
2023-06-15,71,0,0,0,0,0,0,0,0,0,93,90,70,84,100
2023-06-16,71,0,0,0,0,0,0,0,0,0,71,84,75,87,90
2023-06-17,62,1,0,0,0,0,0,0,0,0,71,82,72,70,66
2023-06-18,60,1,0,0,0,0,0,0,0,0,62,82,65,67,75
2023-06-19,82,0,0,0,0,0,0,0,0,0,60,99,85,88,53
2023-06-20,72,0,0,0,0,0,0,0,0,0,82,100,85,94,53
2023-06-21,81,0,0,0,0,0,0,0,0,0,72,93,93,76,66
2023-06-22,75,0,0,0,0,1,0,0,0,0,81,71,90,70,84
2023-06-23,62,0,0,0,0,1,0,0,0,0,75,71,84,75,94
2023-06-24,64,1,0,0,0,1,0,0,0,0,62,62,82,72,84
2023-06-25,65,1,0,0,0,1,0,0,0,0,64,60,82,65,87
2023-06-26,85,0,0,0,0,1,0,0,0,0,65,82,99,85,70
2023-06-27,71,0,0,0,0,1,0,0,0,0,85,72,100,85,67
2023-06-28,55,0,0,0,0,1,0,0,0,0,71,81,93,93,88
2023-06-29,48,0,0,0,0,1,0,0,0,1,55,75,71,90,94
2023-06-30,51,0,0,0,0,1,0,0,0,0,48,62,71,84,76
2023-07-01,56,1,0,0,0,1,0,0,0,0,51,64,62,82,70
2023-07-02,60,1,0,0,0,1,0,0,0,0,56,65,60,82,75
2023-07-03,81,0,0,0,0,1,0,0,0,0,60,85,82,99,72
2023-07-04,79,0,0,0,0,1,0,0,0,0,81,71,72,100,65
2023-07-05,76,0,0,0,0,1,0,0,0,0,79,55,81,93,85
2023-07-06,69,0,0,0,0,1,0,0,0,0,76,48,75,71,85
2023-07-07,64,0,0,0,0,0,0,0,0,0,69,51,62,71,93
2023-07-08,69,1,0,0,0,0,0,0,0,0,64,56,64,62,90
2023-07-09,62,1,0,0,0,0,0,0,0,0,69,60,65,60,84
2023-07-10,80,0,0,0,0,0,0,0,0,0,62,81,85,82,82
2023-07-11,75,0,0,0,0,0,0,0,0,0,80,79,71,72,82
2023-07-12,77,0,0,0,0,0,0,0,0,0,75,76,55,81,99
2023-07-13,77,0,0,0,0,0,0,0,0,0,77,69,48,75,100
2023-07-14,69,0,0,0,0,0,0,0,0,0,77,64,51,62,93
2023-07-15,66,1,0,0,0,0,0,0,0,0,69,69,56,64,71
2023-07-16,63,1,0,0,0,0,0,0,0,0,66,62,60,65,71
2023-07-17,79,0,0,0,0,0,0,0,0,0,63,80,81,85,62
2023-07-18,79,0,0,0,0,0,0,0,0,0,79,75,79,71,60
2023-07-19,70,0,0,0,0,0,0,0,0,1,79,77,76,55,82
2023-07-20,81,0,0,0,0,0,0,0,0,0,70,77,69,48,72
2023-07-21,92,0,0,0,0,0,0,0,0,0,81,69,64,51,81
2023-07-22,84,1,0,0,0,0,0,0,0,0,92,66,69,56,75
2023-07-23,70,1,0,0,0,0,0,0,0,0,84,63,62,60,62
2023-07-24,85,0,0,0,0,0,0,0,0,0,70,79,80,81,64
2023-07-25,86,0,0,0,0,0,0,0,0,0,85,79,75,79,65
2023-07-26,83,0,0,0,0,0,0,0,0,0,86,70,77,76,85
2023-07-27,81,0,0,0,0,0,0,0,0,0,83,81,77,69,71
2023-07-28,80,0,0,0,0,0,0,0,0,0,81,92,69,64,55
2023-07-29,73,1,0,0,0,0,0,0,0,0,80,84,66,69,48
2023-07-30,60,1,0,0,0,0,0,0,0,0,73,70,63,62,51
2023-07-31,82,0,0,0,0,0,0,0,0,0,60,85,79,80,56
2023-08-01,87,0,0,0,0,0,0,0,0,0,82,86,79,75,60
2023-08-02,89,0,0,0,0,0,0,0,0,0,87,83,70,77,81
2023-08-03,83,0,0,0,0,0,0,0,0,0,89,81,81,77,79
2023-08-04,75,0,0,0,0,0,0,0,0,0,83,80,92,69,76
2023-08-05,74,1,0,0,0,0,0,0,0,0,75,73,84,66,69
2023-08-06,65,1,0,0,0,0,0,0,0,0,74,60,70,63,64
2023-08-07,84,0,0,0,0,0,0,0,0,0,65,82,85,79,69
2023-08-08,85,0,0,0,0,0,0,0,0,0,84,87,86,79,62
2023-08-09,92,0,0,0,0,0,0,0,0,0,85,89,83,70,80
2023-08-10,81,0,0,0,0,0,0,0,0,0,92,83,81,81,75
2023-08-11,64,0,0,0,0,0,0,0,0,0,81,75,80,92,77
2023-08-12,67,1,0,0,0,0,0,0,0,0,64,74,73,84,77
2023-08-13,57,1,0,0,0,0,0,0,0,0,67,65,60,70,69
2023-08-14,80,0,0,0,0,0,0,0,0,0,57,84,82,85,66
2023-08-15,90,0,0,0,0,0,0,0,0,0,80,85,87,86,63
2023-08-16,89,0,0,0,0,0,0,0,0,0,90,92,89,83,79
2023-08-17,73,0,0,0,0,0,0,0,0,1,89,81,83,81,79
2023-08-18,74,0,0,0,0,0,0,0,0,0,73,64,75,80,70
2023-08-19,69,1,0,0,0,0,0,0,0,0,74,67,74,73,81
2023-08-20,69,1,0,0,0,0,0,0,0,0,69,57,65,60,92
2023-08-21,91,0,0,0,0,0,0,0,0,0,69,80,84,82,84
2023-08-22,89,0,0,0,0,0,0,0,0,0,91,90,85,87,70
2023-08-23,91,0,0,0,0,0,0,0,0,0,89,89,92,89,85
2023-08-24,85,0,0,0,0,0,0,0,0,0,91,73,81,83,86
2023-08-25,76,0,0,0,0,0,0,0,0,0,85,74,64,75,83
2023-08-26,64,1,0,0,0,0,0,0,0,0,76,69,67,74,81
2023-08-27,57,1,0,0,0,0,0,0,0,0,64,69,57,65,80
2023-08-28,64,0,0,0,0,0,0,0,0,0,57,91,80,84,73
2023-08-29,63,0,0,0,0,0,0,0,0,0,64,89,90,85,60
2023-08-30,59,0,0,0,0,0,0,0,0,0,63,91,89,92,82
2023-08-31,69,0,0,0,0,0,0,0,0,0,59,85,73,81,87
2023-09-01,80,0,0,0,0,0,0,0,0,0,69,76,74,64,89
2023-09-02,63,1,0,0,0,0,0,0,0,0,80,64,69,67,83
2023-09-03,56,1,0,0,0,0,0,0,0,0,63,57,69,57,75
2023-09-04,72,0,0,0,0,0,0,0,0,0,56,64,91,80,74
2023-09-05,80,0,0,0,0,0,0,0,0,0,72,63,89,90,65
2023-09-06,87,0,0,0,0,0,0,0,0,0,80,59,91,89,84
2023-09-07,91,0,0,0,0,0,0,0,0,0,87,69,85,73,85
2023-09-08,91,0,0,0,0,0,0,0,0,0,91,80,76,74,92
2023-09-09,85,1,0,0,0,0,0,0,0,0,91,63,64,69,81
2023-09-10,68,1,0,0,0,0,0,0,0,0,85,56,57,69,64
2023-09-11,83,0,0,0,0,0,0,0,0,0,68,72,64,91,67
2023-09-12,65,0,0,0,0,0,0,0,0,0,83,80,63,89,57
2023-09-13,73,0,0,0,0,0,0,0,0,0,65,87,59,91,80
2023-09-14,77,0,0,0,0,0,0,0,0,0,73,91,69,85,90
2023-09-15,72,0,0,0,0,0,0,0,0,0,77,91,80,76,89
2023-09-16,57,1,0,0,0,0,0,0,0,0,72,85,63,64,73
2023-09-17,61,1,0,0,0,0,0,0,0,0,57,68,56,57,74
2023-09-18,75,0,0,0,0,0,0,0,0,0,61,83,72,64,69
2023-09-19,85,0,0,0,0,0,0,0,0,0,75,65,80,63,69
2023-09-20,91,0,0,0,0,0,0,0,0,0,85,73,87,59,91
2023-09-21,79,0,0,0,0,0,0,0,0,0,91,77,91,69,89
2023-09-22,73,0,0,0,0,0,0,0,0,0,79,72,91,80,91
2023-09-23,69,1,0,0,0,0,0,0,0,0,73,57,85,63,85
2023-09-24,69,1,0,0,0,0,0,0,0,0,69,61,68,56,76
2023-09-25,93,0,0,0,0,0,0,0,0,0,69,75,83,72,64
2023-09-26,82,0,0,0,0,0,0,0,0,0,93,85,65,80,57
2023-09-27,70,0,0,0,0,0,0,0,0,0,82,91,73,87,64
2023-09-28,70,0,0,0,0,0,0,0,0,1,70,79,77,91,63
2023-09-29,75,0,0,0,0,0,0,0,0,0,70,73,72,91,59
2023-09-30,66,1,0,0,0,0,0,0,0,0,75,69,57,85,69
2023-10-01,56,1,0,0,0,0,0,0,0,0,66,69,61,68,80
2023-10-02,77,0,0,0,0,0,0,0,0,0,56,93,75,83,63
2023-10-03,83,0,0,0,0,0,0,0,0,0,77,82,85,65,56
2023-10-04,96,0,0,0,0,0,0,0,0,0,83,70,91,73,72
2023-10-05,93,0,0,0,0,0,0,0,0,0,96,70,79,77,80
2023-10-06,85,0,0,0,0,0,0,0,0,0,93,75,73,72,87
2023-10-07,77,1,0,0,0,0,0,0,0,0,85,66,69,57,91
2023-10-08,82,1,0,0,0,0,0,0,0,0,77,56,69,61,91
2023-10-09,92,0,0,0,0,0,0,0,0,0,82,77,93,75,85
2023-10-10,84,0,0,0,0,0,0,0,0,0,92,83,82,85,68
2023-10-11,84,0,0,0,0,0,0,0,0,0,84,96,70,91,83
2023-10-12,81,0,0,0,0,0,0,0,0,0,84,93,70,79,65
2023-10-13,81,0,0,0,0,0,0,0,0,0,81,85,75,73,73
2023-10-14,80,1,0,0,0,0,0,0,0,0,81,77,66,69,77
2023-10-15,70,1,0,0,0,0,0,0,0,0,80,82,56,69,72
2023-10-16,85,0,0,0,0,0,0,0,0,0,70,92,77,93,57
2023-10-17,99,0,0,0,0,0,0,0,0,0,85,84,83,82,61
2023-10-18,100,0,0,0,0,0,0,0,0,0,99,84,96,70,75
2023-10-19,99,0,0,0,0,0,0,0,0,0,100,81,93,70,85
2023-10-20,101,0,0,0,0,0,0,0,0,0,99,81,85,75,91
2023-10-21,89,1,0,0,0,0,0,0,0,0,101,80,77,66,79
2023-10-22,76,1,0,0,0,0,0,0,0,0,89,70,82,56,73
2023-10-23,104,0,0,0,0,0,0,0,0,0,76,85,92,77,69
2023-10-24,105,0,0,0,0,0,0,0,0,0,104,99,84,83,69
2023-10-25,108,0,0,0,0,0,0,0,0,0,105,100,84,96,93
2023-10-26,95,0,0,0,0,0,0,0,0,0,108,99,81,93,82
2023-10-27,91,0,0,0,0,0,0,0,0,0,95,101,81,85,70
2023-10-28,89,1,0,0,0,0,0,0,0,0,91,89,80,77,70
2023-10-29,87,1,0,0,0,0,0,0,0,0,89,76,70,82,75
2023-10-30,108,0,0,0,0,0,0,0,0,0,87,104,85,92,66
2023-10-31,97,0,0,0,0,0,0,0,0,0,108,105,99,84,56
2023-11-01,95,0,0,0,0,0,0,0,0,0,97,108,100,84,77
2023-11-02,92,0,0,0,0,0,0,0,0,0,95,95,99,81,83
2023-11-03,91,0,0,0,0,0,0,0,0,0,92,91,101,81,96
2023-11-04,80,1,0,0,0,0,0,0,0,0,91,89,89,80,93
2023-11-05,75,1,0,0,0,0,0,0,0,0,80,87,76,70,85
2023-11-06,96,0,0,0,0,0,0,0,0,0,75,108,104,85,77
2023-11-07,91,0,0,0,0,0,0,0,0,0,96,97,105,99,82
2023-11-08,106,0,0,0,0,0,0,0,0,0,91,95,108,100,92
2023-11-09,101,0,0,0,0,0,0,0,0,0,106,92,95,99,84
2023-11-10,97,0,0,0,0,0,0,0,0,0,101,91,91,101,84
2023-11-11,97,1,0,0,0,0,0,0,0,0,97,80,89,89,81
2023-11-12,81,1,0,0,0,0,0,0,0,0,97,75,87,76,81
2023-11-13,100,0,0,0,0,0,0,0,0,0,81,96,108,104,80
2023-11-14,88,0,0,0,0,0,0,0,0,0,100,91,97,105,70
2023-11-15,93,0,0,0,0,0,0,0,0,0,88,106,95,108,85
2023-11-16,88,0,0,0,0,0,0,0,0,0,93,101,92,95,99
2023-11-17,89,0,0,0,0,0,0,0,0,0,88,97,91,91,100
2023-11-18,90,1,0,0,0,0,0,0,0,0,89,97,80,89,99
2023-11-19,81,1,0,0,0,0,0,0,0,0,90,81,75,87,101
2023-11-20,96,0,0,0,0,0,0,0,0,0,81,100,96,108,89
2023-11-21,83,0,0,0,0,0,0,0,0,0,96,88,91,97,76
2023-11-22,91,0,0,0,0,0,0,0,0,0,83,93,106,95,104
2023-11-23,87,0,0,0,0,0,0,0,0,0,91,88,101,92,105
2023-11-24,78,0,0,0,0,0,0,0,0,0,87,89,97,91,108
2023-11-25,67,1,0,0,0,0,0,0,0,0,78,90,97,80,95
2023-11-26,66,1,0,0,0,0,0,0,0,0,67,81,81,75,91
2023-11-27,96,0,0,0,0,0,0,0,0,0,66,96,100,96,89
2023-11-28,101,0,0,0,0,0,0,0,0,0,96,83,88,91,87
2023-11-29,110,0,0,0,0,0,0,0,0,0,101,91,93,106,108
2023-11-30,108,0,0,0,0,0,0,0,0,0,110,87,88,101,97
2023-12-01,85,0,0,0,0,0,0,0,0,0,108,78,89,97,95
2023-12-02,75,1,0,0,0,0,0,0,0,0,85,67,90,97,92
2023-12-03,71,1,0,0,0,0,0,0,0,0,75,66,81,81,91
2023-12-04,86,0,0,0,0,0,0,0,0,0,71,96,96,100,80
2023-12-05,79,0,0,0,0,0,0,0,0,0,86,101,83,88,75
2023-12-06,80,0,0,0,0,0,0,0,0,0,79,110,91,93,96
2023-12-07,93,0,0,0,0,0,0,0,0,0,80,108,87,88,91
2023-12-08,81,0,0,0,0,0,0,0,0,0,93,85,78,89,106
2023-12-09,79,1,0,0,0,0,0,0,0,0,81,75,67,90,101
2023-12-10,73,1,0,0,0,0,0,0,0,0,79,71,66,81,97
2023-12-11,95,0,0,0,0,0,0,0,0,0,73,86,96,96,97
2023-12-12,94,0,0,0,0,0,0,0,0,0,95,79,101,83,81
2023-12-13,93,0,0,0,0,0,0,0,0,0,94,80,110,91,100
2023-12-14,93,0,0,0,0,0,0,0,0,0,93,93,108,87,88
2023-12-15,92,0,0,0,0,0,0,0,0,0,93,81,85,78,93
2023-12-16,92,1,0,0,0,0,0,0,0,0,92,79,75,67,88
2023-12-17,94,1,0,0,0,0,0,0,0,0,92,73,71,66,89
2023-12-18,119,0,0,0,0,0,0,1,0,0,94,95,86,96,90
2023-12-19,110,0,0,0,0,0,0,1,0,0,119,94,79,101,81
2023-12-20,83,0,0,0,0,0,0,1,0,0,110,93,80,110,96
2023-12-21,68,0,0,0,0,0,0,1,0,0,83,93,93,108,83
2023-12-22,68,0,0,0,0,0,0,1,0,0,68,92,81,85,91
2023-12-23,65,1,0,0,0,0,0,1,0,0,68,92,79,75,87
2023-12-24,45,1,0,0,0,0,0,1,0,0,65,94,73,71,78
2023-12-25,46,0,0,0,0,0,0,1,0,1,45,119,95,86,67
2023-12-26,55,0,0,0,0,0,0,1,0,0,46,110,94,79,66
2023-12-27,74,0,0,0,0,0,0,1,0,0,55,83,93,80,96
2023-12-28,85,0,0,0,0,0,0,1,0,0,74,68,93,93,101
2023-12-29,89,0,0,0,0,0,0,1,0,0,85,68,92,81,110
2023-12-30,65,1,0,0,0,0,0,1,0,0,89,65,92,79,108
2023-12-31,52,1,0,0,0,0,0,1,0,0,65,45,94,73,85
2024-01-01,51,0,0,0,0,0,0,1,0,1,52,46,119,95,75
2024-01-02,66,0,0,0,0,0,0,0,0,0,51,55,110,94,71
2024-01-03,78,0,0,0,0,0,0,0,0,0,66,74,83,93,86
2024-01-04,83,0,0,0,0,0,0,0,0,0,78,85,68,93,79
2024-01-05,92,0,0,0,0,0,0,0,0,0,83,89,68,92,80
2024-01-06,100,1,0,0,0,0,0,0,0,0,92,65,65,92,93
2024-01-07,102,1,0,0,0,0,0,0,0,0,100,52,45,94,81
2024-01-08,113,0,0,0,0,0,0,0,0,0,102,51,46,119,79
2024-01-09,101,0,0,0,0,0,0,0,0,0,113,66,55,110,73
2024-01-10,102,0,0,0,0,0,0,0,0,0,101,78,74,83,95
2024-01-11,90,0,0,0,0,0,0,0,0,0,102,83,85,68,94
2024-01-12,90,0,0,0,0,0,0,0,0,0,90,92,89,68,93
2024-01-13,80,1,0,0,0,0,0,0,0,0,90,100,65,65,93
2024-01-14,86,1,0,0,0,0,0,0,0,0,80,102,52,45,92
2024-01-15,107,0,0,0,0,0,0,0,0,0,86,113,51,46,92
2024-01-16,112,0,0,0,0,0,0,0,0,0,107,101,66,55,94
2024-01-17,112,0,0,0,0,0,0,0,0,0,112,102,78,74,119
2024-01-18,105,0,0,0,0,0,0,0,0,0,112,90,83,85,110
2024-01-19,94,0,0,0,0,0,0,0,0,0,105,90,92,89,83
2024-01-20,89,1,0,0,0,0,0,0,0,0,94,80,100,65,68
2024-01-21,96,1,0,0,0,0,0,0,0,0,89,86,102,52,68
2024-01-22,106,0,0,0,0,0,0,0,0,0,96,107,113,51,65
2024-01-23,102,0,0,0,0,0,0,0,0,0,106,112,101,66,45
2024-01-24,101,0,0,0,0,0,0,0,0,0,102,112,102,78,46
2024-01-25,107,0,0,0,0,0,0,0,0,0,101,105,90,83,55
2024-01-26,105,0,0,0,0,0,0,0,0,0,107,94,90,92,74
2024-01-27,94,1,0,0,0,0,0,0,0,0,105,89,80,100,85
2024-01-28,88,1,0,0,0,0,0,0,0,0,94,96,86,102,89
2024-01-29,113,0,0,0,0,0,0,0,0,0,88,106,107,113,65
2024-01-30,113,0,0,0,0,0,0,0,0,0,113,102,112,101,52
2024-01-31,111,0,0,0,0,0,0,0,0,0,113,101,112,102,51
2024-02-01,99,0,0,0,0,0,0,0,0,0,111,107,105,90,66
2024-02-02,100,0,0,0,0,0,0,0,0,0,99,105,94,90,78
2024-02-03,88,1,1,0,0,0,0,0,0,0,100,94,89,80,83
2024-02-04,83,1,1,0,0,0,0,0,0,0,88,88,96,86,92
2024-02-05,104,0,1,0,0,0,0,0,0,0,83,113,106,107,100
2024-02-06,100,0,1,0,0,0,0,0,0,0,104,113,102,112,102
2024-02-07,103,0,1,0,0,0,0,0,0,0,100,111,101,112,113
2024-02-08,92,0,1,0,0,0,0,0,0,1,103,99,107,105,101
2024-02-09,85,0,1,0,0,0,0,0,0,0,92,100,105,94,102
2024-02-10,78,1,1,0,0,0,0,0,0,1,85,88,94,89,90
2024-02-11,83,1,1,0,0,0,0,0,0,0,78,83,88,96,90
2024-02-12,114,0,1,0,0,0,0,0,0,0,83,104,113,106,80
2024-02-13,112,0,1,0,0,0,0,0,0,0,114,100,113,102,86
2024-02-14,93,0,1,0,0,0,0,0,0,1,112,103,111,101,107
2024-02-15,108,0,1,0,0,0,0,0,0,0,93,92,99,107,112
2024-02-16,118,0,1,0,0,0,0,0,0,0,108,85,100,105,112
2024-02-17,121,1,1,0,0,0,0,0,0,0,118,78,88,94,105
2024-02-18,105,1,0,0,0,0,0,0,0,0,121,83,83,88,94
2024-02-19,153,0,0,0,0,0,0,0,0,0,105,114,104,113,89
2024-02-20,153,0,0,0,0,0,0,0,0,0,153,112,100,113,96
2024-02-21,148,0,0,0,0,0,0,0,0,0,153,93,103,111,106
2024-02-22,154,0,0,0,0,0,0,0,0,0,148,108,92,99,102
2024-02-23,143,0,0,0,0,0,0,0,0,0,154,118,85,100,101
2024-02-24,124,1,0,0,0,0,0,0,0,0,143,121,78,88,107
2024-02-25,107,1,0,0,0,0,0,0,0,0,124,105,83,83,105
2024-02-26,125,0,0,0,0,0,0,0,0,0,107,153,114,104,94
2024-02-27,123,0,0,0,0,0,0,0,0,0,125,153,112,100,88
2024-02-28,127,0,0,0,0,0,0,0,0,0,123,148,93,103,113
2024-02-29,114,0,0,0,0,0,0,0,0,0,127,154,108,92,113
2024-03-01,116,0,0,0,0,0,0,0,0,0,114,143,118,85,111
2024-03-02,102,1,0,0,0,0,0,0,0,0,116,124,121,78,99
2024-03-03,90,1,0,0,0,0,0,0,0,0,102,107,105,83,100
2024-03-04,123,0,0,0,0,0,0,0,1,0,90,125,153,114,88
2024-03-05,126,0,0,0,0,0,0,0,1,0,123,123,153,112,83
2024-03-06,144,0,0,0,0,0,0,0,1,0,126,127,148,93,104
2024-03-07,131,0,0,0,0,0,0,0,1,0,144,114,154,108,100
2024-03-08,119,0,0,0,0,0,0,0,1,0,131,116,143,118,103
2024-03-09,120,1,0,0,0,0,0,0,1,0,119,102,124,121,92
2024-03-10,106,1,0,0,0,0,0,0,1,0,120,90,107,105,85
2024-03-11,101,0,0,0,0,0,0,0,1,1,106,123,125,153,78
2024-03-12,89,0,0,0,0,0,0,0,1,0,101,126,123,153,83
2024-03-13,113,0,0,0,0,0,0,0,1,0,89,144,127,148,114
2024-03-14,114,0,0,0,0,0,0,0,1,0,113,131,114,154,112
2024-03-15,122,0,0,0,0,0,0,0,1,0,114,119,116,143,93
2024-03-16,124,1,0,0,0,0,0,0,1,0,122,120,102,124,108
2024-03-17,112,1,0,0,0,0,0,0,1,0,124,106,90,107,118
2024-03-18,143,0,0,0,0,0,0,0,1,0,112,101,123,125,121
2024-03-19,140,0,0,0,0,0,0,0,0,0,143,89,126,123,105
2024-03-20,129,0,0,0,0,0,0,0,0,0,140,113,144,127,153
2024-03-21,124,0,0,0,0,0,0,0,0,0,129,114,131,114,153
2024-03-22,111,0,0,0,0,0,0,0,0,0,124,122,119,116,148
2024-03-23,99,1,0,0,0,0,0,0,0,0,111,124,120,102,154
2024-03-24,101,1,0,0,0,0,0,0,0,0,99,112,106,90,143
2024-03-25,119,0,0,0,0,0,0,0,0,0,101,143,101,123,124
2024-03-26,104,0,0,0,0,0,0,0,0,0,119,140,89,126,107
2024-03-27,104,0,0,0,0,0,0,0,0,0,104,129,113,144,125
2024-03-28,93,0,0,0,0,0,0,0,0,0,104,124,114,131,123
2024-03-29,83,0,0,0,0,0,0,0,0,1,93,111,122,119,127
2024-03-30,91,1,0,0,0,0,0,0,0,0,83,99,124,120,114
2024-03-31,86,1,0,0,0,0,0,0,0,1,91,101,112,106,116
2024-04-01,88,0,0,0,0,0,0,0,0,0,86,119,143,101,102
2024-04-02,77,0,0,0,0,0,0,0,0,0,88,104,140,89,90
2024-04-03,79,0,0,1,0,0,0,0,0,0,77,104,129,113,123
2024-04-04,79,0,0,1,1,0,0,0,0,0,79,93,124,114,126
2024-04-05,76,0,0,1,1,0,0,0,0,0,79,83,111,122,144
2024-04-06,69,1,0,1,1,0,0,0,0,0,76,91,99,124,131
2024-04-07,58,1,0,1,1,0,0,0,0,0,69,86,101,112,119
2024-04-08,51,0,0,1,1,0,0,0,0,0,58,88,119,143,120
2024-04-09,59,0,0,1,1,0,0,0,0,0,51,77,104,140,106
2024-04-10,60,0,0,1,1,0,0,0,0,1,59,79,104,129,101
2024-04-11,66,0,0,1,1,0,0,0,0,1,60,79,93,124,89
2024-04-12,67,0,0,1,1,0,0,0,0,0,66,76,83,111,113
2024-04-13,80,1,0,1,1,0,0,0,0,0,67,69,91,99,114
2024-04-14,88,1,0,1,1,0,0,0,0,0,80,58,86,101,122
2024-04-15,103,0,0,1,1,0,0,0,0,0,88,51,88,119,124
2024-04-16,138,0,0,1,1,0,0,0,0,0,103,59,77,104,112
2024-04-17,150,0,0,1,1,0,0,0,0,0,138,60,79,104,143
2024-04-18,151,0,0,0,1,0,0,0,0,0,150,66,79,93,140
2024-04-19,148,0,0,0,0,0,0,0,0,0,151,67,76,83,129
2024-04-20,141,1,0,0,0,0,0,0,0,0,148,80,69,91,124
2024-04-21,119,1,0,0,0,0,0,0,0,0,141,88,58,86,111
2024-04-22,158,0,0,0,0,0,0,0,0,0,119,103,51,88,99
2024-04-23,151,0,0,0,0,0,0,0,0,0,158,138,59,77,101
2024-04-24,151,0,0,0,0,0,0,0,0,0,151,150,60,79,119
2024-04-25,130,0,0,0,0,0,0,0,0,0,151,151,66,79,104
2024-04-26,124,0,0,0,0,0,0,0,0,0,130,148,67,76,104
2024-04-27,126,1,0,0,0,0,0,0,0,0,124,141,80,69,93
2024-04-28,114,1,0,0,0,0,0,0,0,0,126,119,88,58,83
2024-04-29,129,0,0,0,0,0,0,0,0,0,114,158,103,51,91
2024-04-30,117,0,0,0,0,0,0,0,0,0,129,151,138,59,86
2024-05-01,104,0,0,0,0,0,0,0,0,1,117,151,150,60,88
2024-05-02,124,0,0,0,0,0,0,0,0,0,104,130,151,66,77
2024-05-03,128,0,0,0,0,0,0,0,0,0,124,124,148,67,79
2024-05-04,123,1,0,0,0,0,0,0,0,0,128,126,141,80,79
2024-05-05,109,1,0,0,0,0,0,0,0,0,123,114,119,88,76
2024-05-06,113,0,0,0,0,0,0,0,0,0,109,129,158,103,69
2024-05-07,102,0,0,0,0,0,0,0,0,0,113,117,151,138,58
2024-05-08,91,0,0,0,0,0,0,0,0,0,102,104,151,150,51
2024-05-09,75,0,0,0,0,0,0,0,0,1,91,124,130,151,59
2024-05-10,77,0,0,0,0,0,0,0,0,0,75,128,124,148,60
2024-05-11,83,1,0,0,0,0,0,0,0,0,77,123,126,141,66
2024-05-12,95,1,0,0,0,0,0,0,0,0,83,109,114,119,67
2024-05-13,133,0,0,0,0,0,0,0,0,0,95,113,129,158,80
2024-05-14,137,0,0,0,0,0,0,0,0,0,133,102,117,151,88
2024-05-15,135,0,0,0,0,0,0,0,0,0,137,91,104,151,103
2024-05-16,129,0,0,0,0,0,1,0,0,0,135,75,124,130,138
2024-05-17,128,0,0,0,0,0,1,0,0,0,129,77,128,124,150
2024-05-18,107,1,0,0,0,0,1,0,0,0,128,83,123,126,151
2024-05-19,108,1,0,0,0,0,1,0,0,0,107,95,109,114,148
2024-05-20,129,0,0,0,0,0,1,0,0,0,108,133,113,129,141
2024-05-21,135,0,0,0,0,0,1,0,0,0,129,137,102,117,119
2024-05-22,145,0,0,0,0,0,1,0,0,0,135,135,91,104,158
2024-05-23,126,0,0,0,0,0,1,0,0,1,145,129,75,124,151
2024-05-24,117,0,0,0,0,0,1,0,0,0,126,128,77,128,151
2024-05-25,103,1,0,0,0,0,1,0,0,0,117,107,83,123,130
2024-05-26,95,1,0,0,0,0,1,0,0,0,103,108,95,109,124
2024-05-27,124,0,0,0,0,0,1,0,0,0,95,129,133,113,126
2024-05-28,125,0,0,0,0,0,1,0,0,0,124,135,137,102,114
2024-05-29,135,0,0,0,0,0,1,0,0,0,125,145,135,91,129
2024-05-30,135,0,0,0,0,0,1,0,0,0,135,126,129,75,117
2024-05-31,119,0,0,0,0,0,0,0,0,0,135,117,128,77,104
2024-06-01,105,1,0,0,0,0,0,0,0,1,119,103,107,83,124
2024-06-02,108,1,0,0,0,0,0,0,0,0,105,95,108,95,128
2024-06-03,143,0,0,0,0,0,0,0,0,0,108,124,129,133,123
2024-06-04,146,0,0,0,0,0,0,0,0,0,143,125,135,137,109
2024-06-05,157,0,0,0,0,0,0,0,0,0,146,135,145,135,113
2024-06-06,145,0,0,0,0,0,0,0,0,0,157,135,126,129,102
2024-06-07,134,0,0,0,0,0,0,0,0,0,145,119,117,128,91
2024-06-08,125,1,0,0,0,0,0,0,0,0,134,105,103,107,75
2024-06-09,118,1,0,0,0,0,0,0,0,0,125,108,95,108,77
2024-06-10,133,0,0,0,0,1,0,0,0,0,118,143,124,129,83
2024-06-11,122,0,0,0,0,1,0,0,0,0,133,146,125,135,95
2024-06-12,130,0,0,0,0,1,0,0,0,0,122,157,135,145,133
2024-06-13,124,0,0,0,0,1,0,0,0,0,130,145,135,126,137
2024-06-14,118,0,0,0,0,1,0,0,0,0,124,134,119,117,135
2024-06-15,94,1,0,0,0,1,0,0,0,0,118,125,105,103,129
2024-06-16,74,1,0,0,0,1,0,0,0,0,94,118,108,95,128
2024-06-17,76,0,0,0,0,1,0,0,0,1,74,133,143,124,107
2024-06-18,90,0,0,0,0,1,0,0,0,0,76,122,146,125,108
2024-06-19,113,0,0,0,0,1,0,0,0,0,90,130,157,135,129
2024-06-20,119,0,0,0,0,1,0,0,0,0,113,124,145,135,135
2024-06-21,135,0,0,0,0,1,0,0,0,0,119,118,134,119,145
2024-06-22,128,1,0,0,0,1,0,0,0,0,135,94,125,105,126
2024-06-23,107,1,0,0,0,1,0,0,0,0,128,74,118,108,117
2024-06-24,115,0,0,0,0,1,0,0,0,0,107,76,133,143,103
2024-06-25,122,0,0,0,0,0,0,0,0,0,115,90,122,146,95
2024-06-26,123,0,0,0,0,0,0,0,0,0,122,113,130,157,124
2024-06-27,126,0,0,0,0,0,0,0,0,0,123,119,124,145,125
2024-06-28,126,0,0,0,0,0,0,0,0,0,126,135,118,134,135
2024-06-29,112,1,0,0,0,0,0,0,0,0,126,128,94,125,135
2024-06-30,102,1,0,0,0,0,0,0,0,0,112,107,74,118,119
2024-07-01,113,0,0,0,0,0,0,0,0,0,102,115,76,133,105
2024-07-02,113,0,0,0,0,0,0,0,0,0,113,122,90,122,108
2024-07-03,107,0,0,0,0,0,0,0,0,0,113,123,113,130,143
2024-07-04,102,0,0,0,0,0,0,0,0,0,107,126,119,124,146
2024-07-05,96,0,0,0,0,0,0,0,0,0,102,126,135,118,157
2024-07-06,100,1,0,0,0,0,0,0,0,0,96,112,128,94,145
2024-07-07,101,1,0,0,0,0,0,0,0,1,100,102,107,74,134
2024-07-08,124,0,0,0,0,0,0,0,0,0,101,113,115,76,125
2024-07-09,117,0,0,0,0,0,0,0,0,0,124,113,122,90,118
2024-07-10,111,0,0,0,0,0,0,0,0,0,117,107,123,113,133
2024-07-11,108,0,0,0,0,0,0,0,0,0,111,102,126,119,122
2024-07-12,101,0,0,0,0,0,0,0,0,0,108,96,126,135,130
2024-07-13,95,1,0,0,0,0,0,0,0,0,101,100,112,128,124
2024-07-14,89,1,0,0,0,0,0,0,0,0,95,101,102,107,118
2024-07-15,113,0,0,0,0,0,0,0,0,0,89,124,113,115,94
2024-07-16,107,0,0,0,0,0,0,0,0,0,113,117,113,122,74
2024-07-17,116,0,0,0,0,0,0,0,0,0,107,111,107,123,76
2024-07-18,115,0,0,0,0,0,0,0,0,0,116,108,102,126,90
2024-07-19,112,0,0,0,0,0,0,0,0,0,115,101,96,126,113
2024-07-20,105,1,0,0,0,0,0,0,0,0,112,95,100,112,119
2024-07-21,116,1,0,0,0,0,0,0,0,0,105,89,101,102,135
2024-07-22,139,0,0,0,0,0,0,0,0,0,116,113,124,113,128
2024-07-23,122,0,0,0,0,0,0,0,0,0,139,107,117,113,107
2024-07-24,115,0,0,0,0,0,0,0,0,0,122,116,111,107,115
2024-07-25,106,0,0,0,0,0,0,0,0,0,115,115,108,102,122
2024-07-26,110,0,0,0,0,0,0,0,0,0,106,112,101,96,123
2024-07-27,100,1,0,0,0,0,0,0,0,0,110,105,95,100,126
2024-07-28,88,1,0,0,0,0,0,0,0,0,100,116,89,101,126
2024-07-29,108,0,0,0,0,0,0,0,0,0,88,139,113,124,112
2024-07-30,104,0,0,0,0,0,0,0,0,0,108,122,107,117,102
2024-07-31,117,0,0,0,0,0,0,0,0,0,104,115,116,111,113
2024-08-01,105,0,0,0,0,0,0,0,0,0,117,106,115,108,113
2024-08-02,94,0,0,0,0,0,0,0,0,0,105,110,112,101,107
2024-08-03,84,1,0,0,0,0,0,0,0,0,94,100,105,95,102
2024-08-04,67,1,0,0,0,0,0,0,0,0,84,88,116,89,96
2024-08-05,102,0,0,0,0,0,0,0,0,0,67,108,139,113,100
2024-08-06,107,0,0,0,0,0,0,0,0,0,102,104,122,107,101
2024-08-07,119,0,0,0,0,0,0,0,0,0,107,117,115,116,124
2024-08-08,120,0,0,0,0,0,0,0,0,0,119,105,106,115,117
2024-08-09,112,0,0,0,0,0,0,0,0,0,120,94,110,112,111
2024-08-10,113,1,0,0,0,0,0,0,0,0,112,84,100,105,108
2024-08-11,101,1,0,0,0,0,0,0,0,0,113,67,88,116,101
2024-08-12,115,0,0,0,0,0,0,0,0,0,101,102,108,139,95
2024-08-13,114,0,0,0,0,0,0,0,0,0,115,107,104,122,89
2024-08-14,105,0,0,0,0,0,0,0,0,0,114,119,117,115,113
2024-08-15,87,0,0,0,0,0,0,0,0,0,105,120,105,106,107
2024-08-16,80,0,0,0,0,0,0,0,0,0,87,112,94,110,116
2024-08-17,75,1,0,0,0,0,0,0,0,1,80,113,84,100,115
2024-08-18,77,1,0,0,0,0,0,0,0,0,75,101,67,88,112
2024-08-19,88,0,0,0,0,0,0,0,0,0,77,115,102,108,105
2024-08-20,99,0,0,0,0,0,0,0,0,0,88,114,107,104,116
2024-08-21,97,0,0,0,0,0,0,0,0,0,99,105,119,117,139
2024-08-22,82,0,0,0,0,0,0,0,0,0,97,87,120,105,122
2024-08-23,90,0,0,0,0,0,0,0,0,0,82,80,112,94,115
2024-08-24,80,1,0,0,0,0,0,0,0,0,90,75,113,84,106
2024-08-25,85,1,0,0,0,0,0,0,0,0,80,77,101,67,110
2024-08-26,105,0,0,0,0,0,0,0,0,0,85,88,115,102,100
2024-08-27,95,0,0,0,0,0,0,0,0,0,105,99,114,107,88
2024-08-28,94,0,0,0,0,0,0,0,0,0,95,97,105,119,108
2024-08-29,84,0,0,0,0,0,0,0,0,0,94,82,87,120,104
2024-08-30,84,0,0,0,0,0,0,0,0,0,84,90,80,112,117
2024-08-31,82,1,0,0,0,0,0,0,0,0,84,80,75,113,105
2024-09-01,80,1,0,0,0,0,0,0,0,0,82,85,77,101,94
2024-09-02,106,0,0,0,0,0,0,0,0,0,80,105,88,115,84
2024-09-03,105,0,0,0,0,0,0,0,0,0,106,95,99,114,67
2024-09-04,102,0,0,0,0,0,0,0,0,0,105,94,97,105,102
2024-09-05,96,0,0,0,0,0,0,0,0,0,102,84,82,87,107
2024-09-06,91,0,0,0,0,0,0,0,0,0,96,84,90,80,119
2024-09-07,84,1,0,0,0,0,0,0,0,0,91,82,80,75,120
2024-09-08,86,1,0,0,0,0,0,0,0,0,84,80,85,77,112
2024-09-09,109,0,0,0,0,0,0,0,0,0,86,106,105,88,113
2024-09-10,100,0,0,0,0,0,0,0,0,0,109,105,95,99,101
2024-09-11,114,0,0,0,0,0,0,0,0,0,100,102,94,97,115
2024-09-12,118,0,0,0,0,0,0,0,0,0,114,96,84,82,114
2024-09-13,124,0,0,0,0,0,0,0,0,0,118,91,84,90,105
2024-09-14,109,1,0,0,0,0,0,0,0,0,124,84,82,80,87
2024-09-15,93,1,0,0,0,0,0,0,0,0,109,86,80,85,80
2024-09-16,105,0,0,0,0,0,0,0,0,1,93,109,106,105,75
2024-09-17,109,0,0,0,0,0,0,0,0,0,105,100,105,95,77
2024-09-18,128,0,0,0,0,0,0,0,0,0,109,114,102,94,88
2024-09-19,131,0,0,0,0,0,0,0,0,0,128,118,96,84,99
2024-09-20,123,0,0,0,0,0,0,0,0,0,131,124,91,84,97
2024-09-21,122,1,0,0,0,0,0,0,0,0,123,109,84,82,82
2024-09-22,106,1,0,0,0,0,0,0,0,0,122,93,86,80,90
2024-09-23,138,0,0,0,0,0,0,0,0,0,106,105,109,106,80
2024-09-24,124,0,0,0,0,0,0,0,0,0,138,109,100,105,85
2024-09-25,127,0,0,0,0,0,0,0,0,0,124,128,114,102,105
2024-09-26,119,0,0,0,0,0,0,0,0,0,127,131,118,96,95
2024-09-27,116,0,0,0,0,0,0,0,0,0,119,123,124,91,94
2024-09-28,91,1,0,0,0,0,0,0,0,0,116,122,109,84,84
2024-09-29,98,1,0,0,0,0,0,0,0,0,91,106,93,86,84
2024-09-30,118,0,0,0,0,0,0,0,0,0,98,138,105,109,82
2024-10-01,121,0,0,0,0,0,0,0,0,0,118,124,109,100,80
2024-10-02,121,0,0,0,0,0,0,0,0,0,121,127,128,114,106
2024-10-03,112,0,0,0,0,0,0,0,0,0,121,119,131,118,105
2024-10-04,114,0,0,0,0,0,0,0,0,0,112,116,123,124,102
2024-10-05,91,1,0,0,0,0,0,0,0,0,114,91,122,109,96
2024-10-06,88,1,0,0,0,0,0,0,0,0,91,98,106,93,91
2024-10-07,116,0,0,0,0,0,0,0,0,0,88,118,138,105,84
2024-10-08,114,0,0,0,0,0,0,0,0,0,116,121,124,109,86
2024-10-09,116,0,0,0,0,0,0,0,0,0,114,121,127,128,109
2024-10-10,102,0,0,0,0,0,0,0,0,0,116,112,119,131,100
2024-10-11,129,0,0,0,0,0,0,0,0,0,102,114,116,123,114
2024-10-12,116,1,0,0,0,0,0,0,0,0,129,91,91,122,118
2024-10-13,117,1,0,0,0,0,0,0,0,0,116,88,98,106,124
2024-10-14,139,0,0,0,0,0,0,0,0,0,117,116,118,138,109
2024-10-15,119,0,0,0,0,0,0,0,0,0,139,114,121,124,93
2024-10-16,128,0,0,0,0,0,0,0,0,0,119,116,121,127,105
2024-10-17,116,0,0,0,0,0,0,0,0,0,128,102,112,119,109
2024-10-18,107,0,0,0,0,0,0,0,0,0,116,129,114,116,128
2024-10-19,93,1,0,0,0,0,0,0,0,0,107,116,91,91,131
2024-10-20,89,1,0,0,0,0,0,0,0,0,93,117,88,98,123
2024-10-21,118,0,0,0,0,0,0,0,0,0,89,139,116,118,122
2024-10-22,127,0,0,0,0,0,0,0,0,0,118,119,114,121,106
2024-10-23,154,0,0,0,0,0,0,0,0,0,127,128,116,121,138
2024-10-24,154,0,0,0,0,0,0,0,0,0,154,116,102,112,124
2024-10-25,139,0,0,0,0,0,0,0,0,0,154,107,129,114,127
2024-10-26,114,1,0,0,0,0,0,0,0,0,139,93,116,91,119
2024-10-27,105,1,0,0,0,0,0,0,0,0,114,89,117,88,116
2024-10-28,125,0,0,0,0,0,0,0,0,0,105,118,139,116,91
2024-10-29,114,0,0,0,0,0,0,0,0,0,125,127,119,114,98
2024-10-30,123,0,0,0,0,0,0,0,0,0,114,154,128,116,118
2024-10-31,104,0,0,0,0,0,0,0,0,0,123,154,116,102,121
2024-11-01,100,0,0,0,0,0,0,0,0,0,104,139,107,129,121
2024-11-02,88,1,0,0,0,0,0,0,0,0,100,114,93,116,112
2024-11-03,88,1,0,0,0,0,0,0,0,0,88,105,89,117,114
2024-11-04,113,0,0,0,0,0,0,0,0,0,88,125,118,139,91
2024-11-05,116,0,0,0,0,0,0,0,0,0,113,114,127,119,88
2024-11-06,114,0,0,0,0,0,0,0,0,0,116,123,154,128,116
2024-11-07,110,0,0,0,0,0,0,0,0,0,114,104,154,116,114
2024-11-08,103,0,0,0,0,0,0,0,0,0,110,100,139,107,116
2024-11-09,81,1,0,0,0,0,0,0,0,0,103,88,114,93,102
2024-11-10,79,1,0,0,0,0,0,0,0,0,81,88,105,89,129
2024-11-11,106,0,0,0,0,0,0,0,0,0,79,113,125,118,116
2024-11-12,105,0,0,0,0,0,0,0,0,0,106,116,114,127,117
2024-11-13,120,0,0,0,0,0,0,0,0,0,105,114,123,154,139
2024-11-14,123,0,0,0,0,0,0,0,0,0,120,110,104,154,119
2024-11-15,139,0,0,0,0,0,0,0,0,0,123,103,100,139,128
2024-11-16,132,1,0,0,0,0,0,0,0,0,139,81,88,114,116
2024-11-17,124,1,0,0,0,0,0,0,0,0,132,79,88,105,107
2024-11-18,134,0,0,0,0,0,0,0,0,0,124,106,113,125,93
2024-11-19,102,0,0,0,0,0,0,0,0,0,134,105,116,114,89
2024-11-20,103,0,0,0,0,0,0,0,0,0,102,120,114,123,118
2024-11-21,107,0,0,0,0,0,0,0,0,0,103,123,110,104,127
2024-11-22,123,0,0,0,0,0,0,0,0,0,107,139,103,100,154
2024-11-23,101,1,0,0,0,0,0,0,0,0,123,132,81,88,154
2024-11-24,84,1,0,0,0,0,0,0,0,0,101,124,79,88,139
2024-11-25,88,0,0,0,0,0,0,0,0,0,84,134,106,113,114
2024-11-26,77,0,0,0,0,0,0,0,0,0,88,102,105,116,105
2024-11-27,80,0,0,0,0,0,0,0,0,1,77,103,120,114,125
2024-11-28,85,0,0,0,0,0,0,0,0,0,80,107,123,110,114
2024-11-29,70,0,0,0,0,0,0,0,0,0,85,123,139,103,123
2024-11-30,63,1,0,0,0,0,0,0,0,0,70,101,132,81,104
2024-12-01,74,1,0,0,0,0,0,0,0,0,63,84,124,79,100
2024-12-02,109,0,0,0,0,0,0,0,0,0,74,88,134,106,88
2024-12-03,122,0,0,0,0,0,0,0,0,0,109,77,102,105,88
2024-12-04,128,0,0,0,0,0,0,0,0,0,122,80,103,120,113
2024-12-05,126,0,0,0,0,0,0,0,0,0,128,85,107,123,116
2024-12-06,114,0,0,0,0,0,0,0,0,0,126,70,123,139,114
2024-12-07,120,1,0,0,0,0,0,0,0,0,114,63,101,132,110
2024-12-08,104,1,0,0,0,0,0,0,0,0,120,74,84,124,103
2024-12-09,111,0,0,0,0,0,0,0,0,0,104,109,88,134,81
2024-12-10,106,0,0,0,0,0,0,0,0,0,111,122,77,102,79
2024-12-11,118,0,0,0,0,0,0,0,0,0,106,128,80,103,106
2024-12-12,110,0,0,0,0,0,0,0,0,0,118,126,85,107,105
2024-12-13,98,0,0,0,0,0,0,0,0,0,110,114,70,123,120
2024-12-14,90,1,0,0,0,0,0,0,0,0,98,120,63,101,123
2024-12-15,89,1,0,0,0,0,0,0,0,0,90,104,74,84,139
2024-12-16,112,0,0,0,0,0,0,0,0,0,89,111,109,88,132
2024-12-17,122,0,0,0,0,0,0,0,0,0,112,106,122,77,124
2024-12-18,130,0,0,0,0,0,0,1,0,0,122,118,128,80,134
2024-12-19,121,0,0,0,0,0,0,1,0,0,130,110,126,85,102
2024-12-20,124,0,0,0,0,0,0,1,0,0,121,98,114,70,103
2024-12-21,107,1,0,0,0,0,0,1,0,0,124,90,120,63,107
2024-12-22,103,1,0,0,0,0,0,1,0,0,107,89,104,74,123
2024-12-23,126,0,0,0,0,0,0,1,0,0,103,112,111,109,101
2024-12-24,124,0,0,0,0,0,0,1,0,0,126,122,106,122,84
2024-12-25,120,0,0,0,0,0,0,1,0,1,124,130,118,128,88
2024-12-26,129,0,0,0,0,0,0,1,0,0,120,121,110,126,77
2024-12-27,134,0,0,0,0,0,0,1,0,0,129,124,98,114,80
2024-12-28,127,1,0,0,0,0,0,1,0,0,134,107,90,120,85
2024-12-29,120,1,0,0,0,0,0,1,0,0,127,103,89,104,70
2024-12-30,125,0,0,0,0,0,0,1,0,0,120,126,112,111,63
2024-12-31,112,0,0,0,0,0,0,1,0,0,125,124,122,106,74
2025-01-01,100,0,0,0,0,0,0,1,0,1,112,120,130,118,109
2025-01-02,108,0,0,0,0,0,0,0,0,0,100,129,121,110,122
2025-01-03,104,0,0,0,0,0,0,0,0,0,108,134,124,98,128
2025-01-04,103,1,0,0,0,0,0,0,0,0,104,127,107,90,126
2025-01-05,115,1,0,0,0,0,0,0,0,0,103,120,103,89,114
2025-01-06,136,0,0,0,0,0,0,0,0,0,115,125,126,112,120
2025-01-07,138,0,0,0,0,0,0,0,0,0,136,112,124,122,104
2025-01-08,142,0,0,0,0,0,0,0,0,0,138,100,120,130,111
2025-01-09,128,0,0,0,0,0,0,0,0,0,142,108,129,121,106
2025-01-10,122,0,0,0,0,0,0,0,0,0,128,104,134,124,118
2025-01-11,117,1,0,0,0,0,0,0,0,0,122,103,127,107,110
2025-01-12,109,1,0,0,0,0,0,0,0,0,117,115,120,103,98
2025-01-13,123,0,0,0,0,0,0,0,0,0,109,136,125,126,90
2025-01-14,130,0,0,0,0,0,0,0,0,0,123,138,112,124,89
2025-01-15,131,0,0,0,0,0,0,0,0,0,130,142,100,120,112
2025-01-16,135,0,0,0,0,0,0,0,0,0,131,128,108,129,122
2025-01-17,133,0,0,0,0,0,0,0,0,0,135,122,104,134,130
2025-01-18,120,1,0,0,0,0,0,0,0,0,133,117,103,127,121
2025-01-19,112,1,0,0,0,0,0,0,0,0,120,109,115,120,124
2025-01-20,125,0,0,0,0,0,0,0,0,0,112,123,136,125,107
2025-01-21,121,0,0,0,0,0,0,0,0,0,125,130,138,112,103
2025-01-22,126,0,1,0,0,0,0,0,0,0,121,131,142,100,126
2025-01-23,117,0,1,0,0,0,0,0,0,0,126,135,128,108,124
2025-01-24,117,0,1,0,0,0,0,0,0,0,117,133,122,104,120
2025-01-25,114,1,1,0,0,0,0,0,0,0,117,120,117,103,129
2025-01-26,99,1,1,0,0,0,0,0,0,0,114,112,109,115,134
2025-01-27,103,0,1,0,0,0,0,0,0,1,99,125,123,136,127
2025-01-28,109,0,1,0,0,0,0,0,0,0,103,121,130,138,120
2025-01-29,116,0,1,0,0,0,0,0,0,1,109,126,131,142,125
2025-01-30,116,0,1,0,0,0,0,0,0,0,116,117,135,128,112
2025-01-31,116,0,1,0,0,0,0,0,0,0,116,117,133,122,100
2025-02-01,116,1,1,0,0,0,0,0,0,0,116,114,120,117,108
2025-02-02,117,1,1,0,0,0,0,0,0,0,116,99,112,109,104
2025-02-03,145,0,1,0,0,0,0,0,0,0,117,103,125,123,103
2025-02-04,132,0,1,0,0,0,0,0,0,0,145,109,121,130,115
2025-02-05,144,0,1,0,0,0,0,0,0,0,132,116,126,131,136
2025-02-06,147,0,0,0,0,0,0,0,0,0,144,116,117,135,138
2025-02-07,141,0,0,0,0,0,0,0,0,0,147,116,117,133,142
2025-02-08,134,1,0,0,0,0,0,0,0,0,141,116,114,120,128
2025-02-09,136,1,0,0,0,0,0,0,0,0,134,117,99,112,122
2025-02-10,136,0,0,0,0,0,0,0,0,0,136,145,103,125,117
2025-02-11,125,0,0,0,0,0,0,0,0,0,136,132,109,121,109
2025-02-12,137,0,0,0,0,0,0,0,0,0,125,144,116,126,123
2025-02-13,134,0,0,0,0,0,0,0,0,0,137,147,116,117,130
2025-02-14,126,0,0,0,0,0,0,0,0,0,134,141,116,117,131
2025-02-15,115,1,0,0,0,0,0,0,0,0,126,134,116,114,135
2025-02-16,102,1,0,0,0,0,0,0,0,0,115,136,117,99,133
2025-02-17,127,0,0,0,0,0,0,0,0,0,102,136,145,103,120
2025-02-18,122,0,0,0,0,0,0,0,0,0,127,125,132,109,112
2025-02-19,123,0,0,0,0,0,0,0,0,0,122,137,144,116,125
2025-02-20,109,0,0,0,0,0,0,0,0,0,123,134,147,116,121
2025-02-21,104,0,0,0,0,0,0,0,0,0,109,126,141,116,126
2025-02-22,110,1,0,0,0,0,0,0,0,0,104,115,134,116,117
2025-02-23,105,1,0,0,0,0,0,0,0,0,110,102,136,117,117
2025-02-24,134,0,0,0,0,0,0,0,0,0,105,127,136,145,114
2025-02-25,139,0,0,0,0,0,0,0,0,0,134,122,125,132,99
2025-02-26,154,0,0,0,0,0,0,0,0,0,139,123,137,144,103
2025-02-27,137,0,0,0,0,0,0,0,0,0,154,109,134,147,109
2025-02-28,119,0,0,0,0,0,0,0,0,0,137,104,126,141,116
2025-03-01,105,1,0,0,0,0,0,0,0,0,119,110,115,134,116
2025-03-02,84,1,0,0,0,0,0,0,0,0,105,105,102,136,116
2025-03-03,103,0,0,0,0,0,0,0,0,0,84,134,127,136,116
2025-03-04,102,0,0,0,0,0,0,0,0,0,103,139,122,125,117
2025-03-05,107,0,0,0,0,0,0,0,0,0,102,154,123,137,145
2025-03-06,121,0,0,0,0,0,0,0,0,0,107,137,109,134,132
2025-03-07,119,0,0,0,0,0,0,0,0,0,121,119,104,126,144
2025-03-08,109,1,0,0,0,0,0,0,0,0,119,105,110,115,147
2025-03-09,94,1,0,0,0,0,0,0,0,0,109,84,105,102,141
2025-03-10,111,0,0,0,0,0,0,0,0,0,94,103,134,127,134
2025-03-11,101,0,0,0,0,0,0,0,0,0,111,102,139,122,136
2025-03-12,105,0,0,0,0,0,0,0,0,0,101,107,154,123,136
2025-03-13,104,0,0,0,0,0,0,0,0,0,105,121,137,109,125
2025-03-14,108,0,0,0,0,0,0,0,0,0,104,119,119,104,137
2025-03-15,106,1,0,0,0,0,0,0,0,0,108,109,105,110,134
2025-03-16,96,1,0,0,0,0,0,0,0,0,106,94,84,105,126
2025-03-17,101,0,0,0,0,0,0,0,0,0,96,111,103,134,115
2025-03-18,104,0,0,0,0,0,0,0,0,0,101,101,102,139,102
2025-03-19,104,0,0,0,0,0,0,0,0,0,104,105,107,154,127
2025-03-20,100,0,0,0,0,0,0,0,0,0,104,104,121,137,122
2025-03-21,91,0,0,0,0,0,0,0,0,0,100,108,119,119,123
2025-03-22,84,1,0,0,0,0,0,0,1,0,91,106,109,105,109
2025-03-23,75,1,0,0,0,0,0,0,1,0,84,96,94,84,104
2025-03-24,77,0,0,1,0,0,0,0,1,0,75,101,111,103,110
2025-03-25,74,0,0,1,1,0,0,0,1,0,77,104,101,102,105
2025-03-26,65,0,0,1,1,0,0,0,1,0,74,104,105,107,134
2025-03-27,69,0,0,1,1,0,0,0,1,0,65,100,104,121,139
2025-03-28,52,0,0,1,1,0,0,0,1,0,69,91,108,119,154
2025-03-29,44,1,0,1,1,0,0,0,1,1,52,84,106,109,137
2025-04-01,31,0,0,1,1,0,0,0,1,1,28,74,104,101,84
2025-04-02,35,0,0,1,1,0,0,0,1,0,31,65,104,105,103
2025-04-03,40,0,0,1,1,0,0,0,1,0,35,69,100,104,102
2025-04-04,57,0,0,1,1,0,0,0,1,0,40,52,91,108,107
2025-04-05,54,1,0,1,1,0,0,0,1,0,57,44,84,106,121
2025-04-06,59,1,0,1,1,0,0,0,0,0,54,28,75,96,119
2025-04-07,70,0,0,1,1,0,0,0,0,0,59,28,77,101,109
2025-04-08,91,0,0,0,1,0,0,0,0,0,70,31,74,104,94
2025-04-09,110,0,0,0,0,0,0,0,0,0,91,35,65,104,111
2025-04-10,116,0,0,0,0,0,0,0,0,0,110,40,69,100,101
2025-04-11,117,0,0,0,0,0,0,0,0,0,116,57,52,91,105
2025-04-12,109,1,0,0,0,0,0,0,0,0,117,54,44,84,104
2025-04-13,99,1,0,0,0,0,0,0,0,0,109,59,28,75,108
2025-04-14,109,0,0,0,0,0,0,0,0,0,99,70,28,77,106
2025-04-15,106,0,0,0,0,0,0,0,0,0,109,91,31,74,96
2025-04-16,109,0,0,0,0,0,0,0,0,0,106,110,35,65,101
2025-04-17,110,0,0,0,0,0,0,0,0,0,109,116,40,69,104
2025-04-18,106,0,0,0,0,0,0,0,0,1,110,117,57,52,104
2025-04-19,88,1,0,0,0,0,0,0,0,0,106,109,54,44,100
2025-04-20,96,1,0,0,0,0,0,0,0,1,88,99,59,28,91
2025-04-21,125,0,0,0,0,0,0,0,0,0,96,109,70,28,84
2025-04-22,116,0,0,0,0,0,0,0,0,0,125,106,91,31,75
2025-04-23,124,0,0,0,0,0,0,0,0,0,116,109,110,35,77
2025-04-24,116,0,0,0,0,0,0,0,0,0,124,110,116,40,74
2025-04-25,116,0,0,0,0,0,0,0,0,0,116,106,117,57,65
2025-04-26,106,1,0,0,0,0,0,0,0,0,116,88,109,54,69
2025-04-27,115,1,0,0,0,0,0,0,0,0,106,96,99,59,52
2025-04-28,142,0,0,0,0,0,0,0,0,0,115,125,109,70,44
2025-04-29,133,0,0,0,0,0,0,0,0,0,142,116,106,91,28
2025-04-30,125,0,0,0,0,0,0,0,0,0,133,124,109,110,28
2025-05-01,113,0,0,0,0,0,0,0,0,1,125,116,110,116,31
2025-05-02,126,0,0,0,0,0,0,0,0,0,113,116,106,117,35
2025-05-03,102,1,0,0,0,0,0,0,0,0,126,106,88,109,40
2025-05-04,103,1,0,0,0,0,0,0,0,0,102,115,96,99,57
2025-05-05,131,0,0,0,0,0,1,0,0,0,103,142,125,109,54
2025-05-06,138,0,0,0,0,0,1,0,0,0,131,133,116,106,59
2025-05-07,135,0,0,0,0,0,1,0,0,0,138,125,124,109,70
2025-05-08,115,0,0,0,0,0,1,0,0,0,135,113,116,110,91
2025-05-09,114,0,0,0,0,0,1,0,0,0,115,126,116,106,110
2025-05-10,92,1,0,0,0,0,1,0,0,0,114,102,106,88,116
2025-05-11,72,1,0,0,0,0,1,0,0,0,92,103,115,96,117
2025-05-12,82,0,0,0,0,0,1,0,0,1,72,131,142,125,109
2025-05-13,70,0,0,0,0,0,1,0,0,0,82,138,133,116,99
2025-05-14,82,0,0,0,0,0,1,0,0,0,70,135,125,124,109
2025-05-15,99,0,0,0,0,0,1,0,0,0,82,115,113,116,106
2025-05-16,106,0,0,0,0,0,1,0,0,0,99,114,126,116,109
2025-05-17,97,1,0,0,0,0,1,0,0,0,106,92,102,106,110
2025-05-18,109,1,0,0,0,0,1,0,0,0,97,72,103,115,106
2025-05-19,122,0,0,0,0,0,1,0,0,0,109,82,131,142,88
2025-05-20,121,0,0,0,0,0,0,0,0,0,122,70,138,133,96
2025-05-21,129,0,0,0,0,0,0,0,0,0,121,82,135,125,125
2025-05-22,113,0,0,0,0,0,0,0,0,0,129,99,115,113,116
2025-05-23,113,0,0,0,0,0,0,0,0,0,113,106,114,126,124
2025-05-24,96,1,0,0,0,0,0,0,0,0,113,97,92,102,116
2025-05-25,76,1,0,0,0,0,0,0,0,0,96,109,72,103,116
2025-05-26,80,0,0,0,0,0,0,0,0,0,76,122,82,131,106
2025-05-27,88,0,0,0,0,0,0,0,0,0,80,121,70,138,115
2025-05-28,91,0,0,0,0,0,0,0,0,0,88,129,82,135,142
2025-05-29,80,0,0,0,0,0,0,0,0,1,91,113,99,115,133
2025-05-30,81,0,0,0,0,1,0,0,0,0,80,113,106,114,125
2025-05-31,86,1,0,0,0,1,0,0,0,0,81,96,97,92,113
2025-06-01,85,1,0,0,0,1,0,0,0,1,86,76,109,72,126
2025-06-02,111,0,0,0,0,1,0,0,0,0,85,80,122,82,102
2025-06-03,108,0,0,0,0,1,0,0,0,0,111,88,121,70,103
2025-06-04,106,0,0,0,0,1,0,0,0,0,108,91,129,82,131
2025-06-05,92,0,0,0,0,1,0,0,0,0,106,80,113,99,138
2025-06-06,75,0,0,0,0,1,0,0,0,1,92,81,113,106,135
2025-06-07,75,1,0,0,0,1,0,0,0,0,75,86,96,97,115
2025-06-08,77,1,0,0,0,1,0,0,0,0,75,85,76,109,114
2025-06-09,79,0,0,0,0,1,0,0,0,0,77,111,80,122,92
2025-06-10,98,0,0,0,0,1,0,0,0,0,79,108,88,121,72
2025-06-11,105,0,0,0,0,1,0,0,0,0,98,106,91,129,82
2025-06-12,107,0,0,0,0,1,0,0,0,0,105,92,80,113,70
2025-06-13,97,0,0,0,0,1,0,0,0,0,107,75,81,113,82
2025-06-14,88,1,0,0,0,0,0,0,0,0,97,75,86,96,99
2025-06-15,83,1,0,0,0,0,0,0,0,0,88,77,85,76,106
2025-06-16,98,0,0,0,0,0,0,0,0,0,83,79,111,80,97
2025-06-17,94,0,0,0,0,0,0,0,0,0,98,98,108,88,109
2025-06-18,97,0,0,0,0,0,0,0,0,0,94,105,106,91,122
2025-06-19,100,0,0,0,0,0,0,0,0,0,97,107,92,80,121
2025-06-20,94,0,0,0,0,0,0,0,0,0,100,97,75,81,129
2025-06-21,88,1,0,0,0,0,0,0,0,0,94,88,75,86,113
2025-06-22,95,1,0,0,0,0,0,0,0,0,88,83,77,85,113
2025-06-23,112,0,0,0,0,0,0,0,0,0,95,98,79,111,96
2025-06-24,111,0,0,0,0,0,0,0,0,0,112,94,98,108,76
2025-06-25,123,0,0,0,0,0,0,0,0,0,111,97,105,106,80
2025-06-26,122,0,0,0,0,0,0,0,0,0,123,100,107,92,88
2025-06-27,109,0,0,0,0,0,0,0,0,1,122,94,97,75,91
2025-06-28,105,1,0,0,0,0,0,0,0,0,109,88,88,75,80
2025-06-29,90,1,0,0,0,0,0,0,0,0,105,95,83,77,81
2025-06-30,107,0,0,0,0,0,0,0,0,0,90,112,98,79,86
2025-07-01,102,0,0,0,0,0,0,0,0,0,107,111,94,98,85
2025-07-02,111,0,0,0,0,0,0,0,0,0,102,123,97,105,111
2025-07-03,122,0,0,0,0,0,0,0,0,0,111,122,100,107,108
2025-07-04,124,0,0,0,0,0,0,0,0,0,122,109,94,97,106
2025-07-05,113,1,0,0,0,0,0,0,0,0,124,105,88,88,92
2025-07-06,105,1,0,0,0,0,0,0,0,0,113,90,95,83,75
2025-07-07,132,0,0,0,0,0,0,0,0,0,105,107,112,98,75
2025-07-08,113,0,0,0,0,0,0,0,0,0,132,102,111,94,77
2025-07-09,122,0,0,0,0,0,0,0,0,0,113,111,123,97,79
2025-07-10,108,0,0,0,0,0,0,0,0,0,122,122,122,100,98
2025-07-11,100,0,0,0,0,0,0,0,0,0,108,124,109,94,105
2025-07-12,93,1,0,0,0,0,0,0,0,0,100,113,105,88,107
2025-07-13,98,1,0,0,0,0,0,0,0,0,93,105,90,95,97
2025-07-14,123,0,0,0,0,0,0,0,0,0,98,132,107,112,88
2025-07-15,123,0,0,0,0,0,0,0,0,0,123,113,102,111,83
2025-07-16,140,0,0,0,0,0,0,0,0,0,123,122,111,123,98
2025-07-17,136,0,0,0,0,0,0,0,0,0,140,108,122,122,94
2025-07-18,129,0,0,0,0,0,0,0,0,0,136,100,124,109,97
2025-07-19,122,1,0,0,0,0,0,0,0,0,129,93,113,105,100
2025-07-20,103,1,0,0,0,0,0,0,0,0,122,98,105,90,94
2025-07-21,104,0,0,0,0,0,0,0,0,0,103,123,132,107,88
2025-07-22,108,0,0,0,0,0,0,0,0,0,104,123,113,102,95
2025-07-23,119,0,0,0,0,0,0,0,0,0,108,140,122,111,112
2025-07-24,117,0,0,0,0,0,0,0,0,0,119,136,108,122,111
2025-07-25,129,0,0,0,0,0,0,0,0,0,117,129,100,124,123
2025-07-26,98,1,0,0,0,0,0,0,0,0,129,122,93,113,122
2025-07-27,86,1,0,0,0,0,0,0,0,0,98,103,98,105,109
2025-07-28,95,0,0,0,0,0,0,0,0,0,86,104,123,132,105
2025-07-29,91,0,0,0,0,0,0,0,0,0,95,108,123,113,90
2025-07-30,103,0,0,0,0,0,0,0,0,0,91,119,140,122,107
2025-07-31,101,0,0,0,0,0,0,0,0,0,103,117,136,108,102
2025-08-01,97,0,0,0,0,0,0,0,0,0,101,129,129,100,111
2025-08-02,93,1,0,0,0,0,0,0,0,0,97,98,122,93,122
2025-08-03,89,1,0,0,0,0,0,0,0,0,93,86,103,98,124
2025-08-04,109,0,0,0,0,0,0,0,0,0,89,95,104,123,113
2025-08-05,120,0,0,0,0,0,0,0,0,0,109,91,108,123,105
2025-08-06,123,0,0,0,0,0,0,0,0,0,120,103,119,140,132
2025-08-07,120,0,0,0,0,0,0,0,0,0,123,101,117,136,113
2025-08-08,113,0,0,0,0,0,0,0,0,0,120,97,129,129,122
2025-08-09,102,1,0,0,0,0,0,0,0,0,113,93,98,122,108
2025-08-10,100,1,0,0,0,0,0,0,0,0,102,89,86,103,100
2025-08-11,115,0,0,0,0,0,0,0,0,0,100,109,95,104,93
2025-08-12,109,0,0,0,0,0,0,0,0,0,115,120,91,108,98
2025-08-13,121,0,0,0,0,0,0,0,0,0,109,123,103,119,123
2025-08-14,130,0,0,0,0,0,0,0,0,0,121,120,101,117,123
2025-08-15,121,0,0,0,0,0,0,0,0,0,130,113,97,129,140
2025-08-16,121,1,0,0,0,0,0,0,0,0,121,102,93,98,136
2025-08-17,94,1,0,0,0,0,0,0,0,1,121,100,89,86,129
2025-08-18,102,0,0,0,0,0,0,0,0,0,94,115,109,95,122
2025-08-19,107,0,0,0,0,0,0,0,0,0,102,109,120,91,103
2025-08-20,119,0,0,0,0,0,0,0,0,0,107,121,123,103,104
2025-08-21,130,0,0,0,0,0,0,0,0,0,119,130,120,101,108
2025-08-22,136,0,0,0,0,0,0,0,0,0,130,121,113,97,119
2025-08-23,121,1,0,0,0,0,0,0,0,0,136,121,102,93,117
2025-08-24,118,1,0,0,0,0,0,0,0,0,121,94,100,89,129
2025-08-25,133,0,0,0,0,0,0,0,0,0,118,102,115,109,98
2025-08-26,125,0,0,0,0,0,0,0,0,0,133,107,109,120,86
2025-08-27,122,0,0,0,0,0,0,0,0,0,125,119,121,123,95
2025-08-28,126,0,0,0,0,0,0,0,0,0,122,130,130,120,91
2025-08-29,115,0,0,0,0,0,0,0,0,0,126,136,121,113,103
2025-08-30,110,1,0,0,0,0,0,0,0,0,115,121,121,102,101
2025-08-31,94,1,0,0,0,0,0,0,0,0,110,118,94,100,97
2025-09-01,107,0,0,0,0,0,0,0,0,0,94,133,102,115,93
2025-09-02,103,0,0,0,0,0,0,0,0,0,107,125,107,109,89
2025-09-03,112,0,0,0,0,0,0,0,0,0,103,122,119,121,109
2025-09-04,122,0,0,0,0,0,0,0,0,0,112,126,130,130,120
2025-09-05,117,0,0,0,0,0,0,0,0,1,122,115,136,121,123
2025-09-06,108,1,0,0,0,0,0,0,0,0,117,110,121,121,120
2025-09-07,97,1,0,0,0,0,0,0,0,0,108,94,118,94,113
2025-09-08,116,0,0,0,0,0,0,0,0,0,97,107,133,102,102
2025-09-09,121,0,0,0,0,0,0,0,0,0,116,103,125,107,100
2025-09-10,133,0,0,0,0,0,0,0,0,0,121,112,122,119,115
2025-09-11,128,0,0,0,0,0,0,0,0,0,133,122,126,130,109
2025-09-12,114,0,0,0,0,0,0,0,0,0,128,117,115,136,121
2025-09-13,103,1,0,0,0,0,0,0,0,0,114,108,110,121,130
2025-09-14,103,1,0,0,0,0,0,0,0,0,103,97,94,118,121
2025-09-15,119,0,0,0,0,0,0,0,0,0,103,116,107,133,121
2025-09-16,114,0,0,0,0,0,0,0,0,0,119,121,103,125,94
2025-09-17,132,0,0,0,0,0,0,0,0,0,114,133,112,122,102
2025-09-18,122,0,0,0,0,0,0,0,0,0,132,128,122,126,107
2025-09-19,123,0,0,0,0,0,0,0,0,0,122,114,117,115,119
2025-09-20,93,1,0,0,0,0,0,0,0,0,123,103,108,110,130
2025-09-21,88,1,0,0,0,0,0,0,0,0,93,103,97,94,136
2025-09-22,119,0,0,0,0,0,0,0,0,0,88,119,116,107,121
2025-09-23,116,0,0,0,0,0,0,0,0,0,119,114,121,103,118
2025-09-24,137,0,0,0,0,0,0,0,0,0,116,132,133,112,133
2025-09-25,133,0,0,0,0,0,0,0,0,0,137,122,128,122,125
2025-09-26,128,0,0,0,0,0,0,0,0,0,133,123,114,117,122
2025-09-27,124,1,0,0,0,0,0,0,0,0,128,93,103,108,126
2025-09-28,110,1,0,0,0,0,0,0,0,0,124,88,103,97,115
2025-09-29,133,0,0,0,0,0,0,0,0,0,110,119,119,116,110
2025-09-30,122,0,0,0,0,0,0,0,0,0,133,116,114,121,94
2025-10-01,124,0,0,0,0,0,0,0,0,0,122,137,132,133,107
2025-10-02,115,0,0,0,0,0,0,0,0,0,124,133,122,128,103
2025-10-03,95,0,0,0,0,0,0,0,0,0,115,128,123,114,112
2025-10-04,91,1,0,0,0,0,0,0,0,0,95,124,93,103,122
2025-10-05,96,1,0,0,0,0,0,0,0,0,91,110,88,103,117
2025-10-06,130,0,0,0,0,0,0,0,0,0,96,133,119,119,108
2025-10-07,136,0,0,0,0,0,0,0,0,0,130,122,116,114,97
2025-10-08,157,0,0,0,0,0,0,0,0,0,136,124,137,132,116
2025-10-09,147,0,0,0,0,0,0,0,0,0,157,115,133,122,121
2025-10-10,134,0,0,0,0,0,0,0,0,0,147,95,128,123,133
2025-10-11,116,1,0,0,0,0,0,0,0,0,134,91,124,93,128
2025-10-12,108,1,0,0,0,0,0,0,0,0,116,96,110,88,114
2025-10-13,122,0,0,0,0,0,0,0,0,0,108,130,133,119,103
2025-10-14,122,0,0,0,0,0,0,0,0,0,122,136,122,116,103
2025-10-15,144,0,0,0,0,0,0,0,0,0,122,157,124,137,119
2025-10-16,130,0,0,0,0,0,0,0,0,0,144,147,115,133,114
2025-10-17,126,0,0,0,0,0,0,0,0,0,130,134,95,128,132
2025-10-18,125,1,0,0,0,0,0,0,0,0,126,116,91,124,122
2025-10-19,113,1,0,0,0,0,0,0,0,0,125,108,96,110,123
2025-10-20,133,0,0,0,0,0,0,0,0,0,113,122,130,133,93
2025-10-21,126,0,0,0,0,0,0,0,0,0,133,122,136,122,88
2025-10-22,125,0,0,0,0,0,0,0,0,0,126,144,157,124,119
2025-10-23,116,0,0,0,0,0,0,0,0,0,125,130,147,115,116
2025-10-24,110,0,0,0,0,0,0,0,0,0,116,126,134,95,137
2025-10-25,108,1,0,0,0,0,0,0,0,0,110,125,116,91,133
2025-10-26,106,1,0,0,0,0,0,0,0,0,108,113,108,96,128
2025-10-27,123,0,0,0,0,0,0,0,0,0,106,133,122,130,124
2025-10-28,117,0,0,0,0,0,0,0,0,0,123,126,122,136,110
2025-10-29,108,0,0,0,0,0,0,0,0,0,117,125,144,157,133
2025-10-30,114,0,0,0,0,0,0,0,0,0,108,116,130,147,122
2025-10-31,103,0,0,0,0,0,0,0,0,0,114,110,126,134,124
2025-11-01,90,1,0,0,0,0,0,0,0,0,103,108,125,116,115
2025-11-02,93,1,0,0,0,0,0,0,0,0,90,106,113,108,95
2025-11-03,119,0,0,0,0,0,0,0,0,0,93,123,133,122,91
2025-11-04,122,0,0,0,0,0,0,0,0,0,119,117,126,122,96
2025-11-05,142,0,0,0,0,0,0,0,0,0,122,108,125,144,130
2025-11-06,139,0,0,0,0,0,0,0,0,0,142,114,116,130,136
2025-11-07,116,0,0,0,0,0,0,0,0,0,139,103,110,126,157
2025-11-08,100,1,0,0,0,0,0,0,0,0,116,90,108,125,147
2025-11-09,85,1,0,0,0,0,0,0,0,0,100,93,106,113,134
2025-11-10,110,0,0,0,0,0,0,0,0,0,85,119,123,133,116
2025-11-11,99,0,0,0,0,0,0,0,0,0,110,122,117,126,108
2025-11-12,110,0,0,0,0,0,0,0,0,0,99,142,108,125,122
2025-11-13,111,0,0,0,0,0,0,0,0,0,110,139,114,116,122
2025-11-14,107,0,0,0,0,0,0,0,0,0,111,116,103,110,144
2025-11-15,105,1,0,0,0,0,0,0,0,0,107,100,90,108,130
2025-11-16,87,1,0,0,0,0,0,0,0,0,105,85,93,106,126
2025-11-17,104,0,0,0,0,0,0,0,0,0,87,110,119,123,125
2025-11-18,115,0,0,0,0,0,0,0,0,0,104,99,122,117,113
2025-11-19,116,0,0,0,0,0,0,0,0,0,115,110,142,108,133
2025-11-20,110,0,0,0,0,0,0,0,0,0,116,111,139,114,126
2025-11-21,109,0,0,0,0,0,0,0,0,0,110,107,116,103,125
2025-11-22,99,1,0,0,0,0,0,0,0,0,109,105,100,90,116
2025-11-23,83,1,0,0,0,0,0,0,0,0,99,87,85,93,110
2025-11-24,86,0,0,0,0,0,0,0,0,0,83,104,110,119,108
2025-11-25,94,0,0,0,0,0,0,0,0,0,86,115,99,122,106
2025-11-26,100,0,0,0,0,0,0,0,0,0,94,116,110,142,123
2025-11-27,97,0,0,0,0,0,0,0,0,0,100,110,111,139,117
2025-11-28,97,0,0,0,0,0,0,0,0,0,97,109,107,116,108
2025-11-29,83,1,0,0,0,0,0,0,0,0,97,99,105,100,114
2025-11-30,80,1,0,0,0,0,0,0,0,0,83,83,87,85,103
2025-12-01,103,0,0,0,0,0,0,0,0,0,80,86,104,110,90
2025-12-02,93,0,0,0,0,0,0,0,0,0,103,94,115,99,93
2025-12-03,110,0,0,0,0,0,0,0,0,0,93,100,116,110,119
2025-12-04,108,0,0,0,0,0,0,0,0,0,110,97,110,111,122
2025-12-05,98,0,0,0,0,0,0,0,0,0,108,97,109,107,142
2025-12-06,95,1,0,0,0,0,0,0,0,0,98,83,99,105,139
2025-12-07,87,1,0,0,0,0,0,0,0,0,95,80,83,87,116
2025-12-08,111,0,0,0,0,0,0,0,0,0,87,103,86,104,100
2025-12-09,104,0,0,0,0,0,0,0,0,0,111,93,94,115,85
2025-12-10,105,0,0,0,0,0,0,0,0,0,104,110,100,116,110
2025-12-11,99,0,0,0,0,0,0,0,0,0,105,108,97,110,99
2025-12-12,89,0,0,0,0,0,0,0,0,0,99,98,97,109,110
2025-12-13,83,1,0,0,0,0,0,0,0,0,89,95,83,99,111
2025-12-14,83,1,0,0,0,0,0,0,0,0,83,87,80,83,107
2025-12-15,100,0,0,0,0,0,0,0,0,0,83,111,103,86,105
2025-12-16,104,0,0,0,0,0,0,0,0,0,100,104,93,94,87
2025-12-17,97,0,0,0,0,0,0,0,0,0,104,105,110,100,104
2025-12-18,94,0,0,0,0,0,0,1,0,0,97,99,108,97,115
2025-12-19,87,0,0,0,0,0,0,1,0,0,94,89,98,97,116
2025-12-20,74,1,0,0,0,0,0,1,0,0,87,83,95,83,110
2025-12-21,80,1,0,0,0,0,0,1,0,0,74,83,87,80,109
2025-12-22,97,0,0,0,0,0,0,1,0,0,80,100,111,103,99
2025-12-23,89,0,0,0,0,0,0,1,0,0,97,104,104,93,83
2025-12-24,94,0,0,0,0,0,0,1,0,0,89,97,105,110,86
2025-12-25,73,0,0,0,0,0,0,1,0,1,94,94,99,108,94
2025-12-26,75,0,0,0,0,0,0,1,0,0,73,87,89,98,100
2025-12-27,75,1,0,0,0,0,0,1,0,0,75,74,83,95,97
2025-12-28,80,1,0,0,0,0,0,1,0,0,75,80,83,87,97
2025-12-29,103,0,0,0,0,0,0,1,0,0,80,97,100,111,83
2025-12-30,110,0,0,0,0,0,0,1,0,0,103,89,104,104,80
2025-12-31,112,0,0,0,0,0,0,1,0,0,110,94,97,105,103
2026-01-01,100,0,0,0,0,0,0,1,0,1,112,73,94,99,93
2026-01-02,105,0,0,0,0,0,0,0,0,0,100,75,87,89,110
2026-01-03,100,1,0,0,0,0,0,0,0,0,105,75,74,83,108
2026-01-04,98,1,0,0,0,0,0,0,0,0,100,80,80,83,98
2026-01-05,114,0,0,0,0,0,0,0,0,0,98,103,97,100,95
2026-01-06,116,0,0,0,0,0,0,0,0,0,114,110,89,104,87
2026-01-07,130,0,0,0,0,0,0,0,0,0,116,112,94,97,111
2026-01-08,125,0,0,0,0,0,0,0,0,0,130,100,73,94,104
2026-01-09,117,0,0,0,0,0,0,0,0,0,125,105,75,87,105
2026-01-10,110,1,0,0,0,0,0,0,0,0,117,100,75,74,99
2026-01-11,99,1,0,0,0,0,0,0,0,0,110,98,80,80,89
2026-01-12,122,0,0,0,0,0,0,0,0,0,99,114,103,97,83
2026-01-13,112,0,0,0,0,0,0,0,0,0,122,116,110,89,83
2026-01-14,114,0,0,0,0,0,0,0,0,0,112,130,112,94,100
2026-01-15,106,0,0,0,0,0,0,0,0,0,114,125,100,73,104
2026-01-16,85,0,0,0,0,0,0,0,0,1,106,117,105,75,97
2026-01-17,88,1,0,0,0,0,0,0,0,0,85,110,100,75,94
2026-01-18,87,1,0,0,0,0,0,0,0,0,88,99,98,80,87
2026-01-19,117,0,0,0,0,0,0,0,0,0,87,122,114,103,74
2026-01-20,119,0,0,0,0,0,0,0,0,0,117,112,116,110,80
2026-01-21,134,0,0,0,0,0,0,0,0,0,119,114,130,112,97
2026-01-22,121,0,0,0,0,0,0,0,0,0,134,106,125,100,89
2026-01-23,116,0,0,0,0,0,0,0,0,0,121,85,117,105,94
2026-01-24,98,1,0,0,0,0,0,0,0,0,116,88,110,100,73
2026-01-25,85,1,0,0,0,0,0,0,0,0,98,87,99,98,75
2026-01-26,103,0,0,0,0,0,0,0,0,0,85,117,122,114,75
2026-01-27,99,0,0,0,0,0,0,0,0,0,103,119,112,116,80
2026-01-28,105,0,0,0,0,0,0,0,0,0,99,134,114,130,103
2026-01-29,112,0,0,0,0,0,0,0,0,0,105,121,106,125,110
2026-01-30,112,0,0,0,0,0,0,0,0,0,112,116,85,117,112
2026-01-31,107,1,0,0,0,0,0,0,0,0,112,98,88,110,100
2026-02-01,93,1,0,0,0,0,0,0,0,0,107,85,87,99,105
2026-02-02,107,0,0,0,0,0,0,0,0,0,93,103,117,122,100
2026-02-03,94,0,0,0,0,0,0,0,0,0,107,99,119,112,98
2026-02-04,88,0,0,0,0,0,0,0,0,0,94,105,134,114,114
2026-02-05,92,0,0,0,0,0,0,0,0,0,88,112,121,106,116
2026-02-06,96,0,0,0,0,0,0,0,0,0,92,112,116,85,130
2026-02-07,93,1,0,0,0,0,0,0,0,0,96,107,98,88,125
2026-02-08,90,1,0,0,0,0,0,0,0,0,93,93,85,87,117
2026-02-09,115,0,0,0,0,0,0,0,0,0,90,107,103,117,110
2026-02-10,119,0,1,0,0,0,0,0,0,0,115,94,99,119,99
2026-02-11,135,0,1,0,0,0,0,0,0,0,119,88,105,134,122
2026-02-12,123,0,1,0,0,0,0,0,0,0,135,92,112,121,112
2026-02-13,116,0,1,0,0,0,0,0,0,0,123,96,112,116,114
2026-02-14,104,1,1,0,0,0,0,0,0,0,116,93,107,98,106
2026-02-15,82,1,1,0,0,0,0,0,0,0,104,90,93,85,85
2026-02-16,79,0,1,0,0,0,0,0,0,0,82,115,107,103,88
2026-02-17,67,0,1,0,0,0,0,0,0,1,79,119,94,99,87
2026-02-18,76,0,1,0,0,0,0,0,0,0,67,135,88,105,117
2026-02-19,77,0,1,0,0,0,0,0,0,0,76,123,92,112,119
2026-02-20,85,0,1,0,0,0,0,0,0,0,77,116,96,112,134
2026-02-21,91,1,1,0,0,0,0,0,0,0,85,104,93,107,121
2026-02-22,86,1,1,0,0,0,0,0,0,0,91,82,90,93,116
2026-02-23,112,0,1,0,0,0,0,0,0,0,86,79,115,107,98
2026-02-24,104,0,1,0,0,0,0,0,0,0,112,67,119,94,85
2026-02-25,108,0,0,0,0,0,0,0,0,0,104,76,135,88,103
2026-02-26,103,0,0,0,0,0,0,0,0,0,108,77,123,92,99
2026-02-27,91,0,0,0,0,0,0,0,0,0,103,85,116,96,105
2026-02-28,91,1,0,0,0,0,0,0,0,0,91,91,104,93,112
2026-03-01,87,1,0,0,0,0,0,0,0,0,91,86,82,90,112
2026-03-02,112,0,0,0,0,0,0,0,0,0,87,112,79,115,107
2026-03-03,101,0,0,0,0,0,0,0,0,0,112,104,67,119,93
2026-03-04,104,0,0,0,0,0,0,0,0,0,101,108,76,135,107
2026-03-05,92,0,0,0,0,0,0,0,0,0,104,103,77,123,94
2026-03-06,82,0,0,0,0,0,0,0,0,0,92,91,85,116,88
2026-03-07,76,1,0,0,0,0,0,0,0,0,82,91,91,104,92
2026-03-08,68,1,0,0,0,0,0,0,0,0,76,87,86,82,96
2026-03-09,85,0,0,0,0,0,0,0,0,0,68,112,112,79,93
2026-03-10,81,0,0,0,0,0,0,0,0,0,85,101,104,67,90
2026-03-11,81,0,0,0,0,0,0,0,0,0,81,104,108,76,115
2026-03-12,88,0,0,0,0,0,0,0,1,0,81,92,103,77,119
2026-03-13,87,0,0,0,0,0,0,0,1,0,88,82,91,85,135
2026-03-14,86,1,0,1,0,0,0,0,1,0,87,76,91,91,123
2026-03-15,88,1,0,1,1,0,0,0,1,0,86,68,87,86,116
2026-03-16,78,0,0,1,1,0,0,0,1,0,88,85,112,112,104
2026-03-17,68,0,0,1,1,0,0,0,1,0,78,81,101,104,82
2026-03-18,58,0,0,1,1,0,0,0,1,0,68,81,104,108,79
2026-03-19,45,0,0,1,1,0,0,0,1,1,58,88,92,103,67
2026-03-20,35,0,0,1,1,0,0,0,1,0,45,87,82,91,76
2026-03-21,29,1,0,1,1,0,0,0,1,1,35,86,76,91,77
2026-03-23,36,0,0,1,1,0,0,0,1,0,28,78,85,112,91
2026-03-24,51,0,0,1,1,0,0,0,1,0,36,68,81,101,86
2026-03-25,75,0,0,1,1,0,0,0,1,0,51,58,81,104,112
2026-03-26,98,0,0,1,1,0,0,0,1,0,75,45,88,92,104
2026-03-27,117,0,0,1,1,0,0,0,0,0,98,35,87,82,108
2026-03-28,123,1,0,1,1,0,0,0,0,0,117,29,86,76,103
2026-03-29,119,1,0,0,1,0,0,0,0,0,123,28,88,68,91
2026-03-30,127,0,0,0,0,0,0,0,0,0,119,36,78,85,91
2026-03-31,109,0,0,0,0,0,0,0,0,0,127,51,68,81,87
2026-04-01,93,0,0,0,0,0,0,0,0,0,109,75,58,81,112
2026-04-02,59,0,0,0,0,0,0,0,0,0,93,98,45,88,101
2026-04-03,30,0,0,0,0,0,0,0,0,1,59,117,35,87,104
